genus	family	order	class	phylum	superkingdom
'Geomonas' Khan et al. 2020	Comamonadaceae	Burkholderiales	Betaproteobacteria	Proteobacteria	Bacteria
Abiotrophia	Aerococcaceae	Lactobacillales	Bacilli	Firmicutes	Bacteria
Acanthopleuribacter	Acanthopleuribacteraceae	Acanthopleuribacterales	Holophagae	Acidobacteria	Bacteria
Acetanaerobacterium	Ruminococcaceae	Clostridiales	Clostridia	Firmicutes	Bacteria
Acetivibrio	Ruminococcaceae	Clostridiales	Clostridia	Firmicutes	Bacteria
Acetobacter	Acetobacteraceae	Rhodospirillales	Alphaproteobacteria	Proteobacteria	Bacteria
Acetobacteroides	Rikenellaceae	Bacteroidales	Bacteroidia	Bacteroidetes	Bacteria
Acholeplasma	Acholeplasmataceae	Acholeplasmatales	Mollicutes	Tenericutes	Bacteria
Achromobacter	Alcaligenaceae	Burkholderiales	Betaproteobacteria	Proteobacteria	Bacteria
Acidaminococcus	Acidaminococcaceae	Acidaminococcales	Negativicutes	Firmicutes	Bacteria
Acidibacter			Gammaproteobacteria	Proteobacteria	Bacteria
Acidibrevibacterium	Acetobacteraceae	Rhodospirillales	Alphaproteobacteria	Proteobacteria	Bacteria
Acidicapsa	Acidobacteriaceae	Acidobacteriales	Acidobacteriia	Acidobacteria	Bacteria
Acidihalobacter	Ectothiorhodospiraceae	Chromatiales	Gammaproteobacteria	Proteobacteria	Bacteria
Acidimicrobium	Acidimicrobiaceae	Acidimicrobiales	Acidimicrobiia	Actinobacteria	Bacteria
Acidipila	Acidobacteriaceae	Acidobacteriales	Acidobacteriia	Acidobacteria	Bacteria
Acidisarcina	Acidobacteriaceae	Acidobacteriales	Acidobacteriia	Acidobacteria	Bacteria
Aciditerrimonas	Acidimicrobiaceae	Acidimicrobiales	Acidimicrobiia	Actinobacteria	Bacteria
Acidothermus	Acidothermaceae	Acidothermales	Actinobacteria	Actinobacteria	Bacteria
Acidovorax	Comamonadaceae	Burkholderiales	Betaproteobacteria	Proteobacteria	Bacteria
Acinetobacter	Moraxellaceae	Pseudomonadales	Gammaproteobacteria	Proteobacteria	Bacteria
Actimicrobium	Oxalobacteraceae	Burkholderiales	Betaproteobacteria	Proteobacteria	Bacteria
Actinocorallia	Thermomonosporaceae	Streptosporangiales	Actinobacteria	Actinobacteria	Bacteria
Actinomyces	Actinomycetaceae	Actinomycetales	Actinobacteria	Actinobacteria	Bacteria
Actinomycetospora	Pseudonocardiaceae	Pseudonocardiales	Actinobacteria	Actinobacteria	Bacteria
Actinoplanes	Micromonosporaceae	Micromonosporales	Actinobacteria	Actinobacteria	Bacteria
Adhaeribacter	Hymenobacteraceae	Cytophagales	Cytophagia	Bacteroidetes	Bacteria
Aerococcus	Aerococcaceae	Lactobacillales	Bacilli	Firmicutes	Bacteria
Aeromicrobium	Nocardioidaceae	Propionibacteriales	Actinobacteria	Actinobacteria	Bacteria
Aeromonas	Aeromonadaceae	Aeromonadales	Gammaproteobacteria	Proteobacteria	Bacteria
Aerosticca	Rhodanobacteraceae	Xanthomonadales	Gammaproteobacteria	Proteobacteria	Bacteria
Aestuariispira	Rhodospirillaceae	Rhodospirillales	Alphaproteobacteria	Proteobacteria	Bacteria
Aetherobacter	Polyangiaceae	Myxococcales	Deltaproteobacteria	Proteobacteria	Bacteria
Afifella	Rhodobiaceae	Rhizobiales	Alphaproteobacteria	Proteobacteria	Bacteria
Afipia	Bradyrhizobiaceae	Rhizobiales	Alphaproteobacteria	Proteobacteria	Bacteria
Agathobaculum	Ruminococcaceae	Clostridiales	Clostridia	Firmicutes	Bacteria
Aggregatibacter	Pasteurellaceae	Pasteurellales	Gammaproteobacteria	Proteobacteria	Bacteria
Aggregicoccus	Myxococcaceae	Myxococcales	Deltaproteobacteria	Proteobacteria	Bacteria
Agrobacterium	Rhizobiaceae	Rhizobiales	Alphaproteobacteria	Proteobacteria	Bacteria
Agrococcus	Microbacteriaceae	Micrococcales	Actinobacteria	Actinobacteria	Bacteria
Agromyces	Microbacteriaceae	Micrococcales	Actinobacteria	Actinobacteria	Bacteria
Ahniella	Rhodanobacteraceae	Xanthomonadales	Gammaproteobacteria	Proteobacteria	Bacteria
Akkermansia	Akkermansiaceae	Verrucomicrobiales	Verrucomicrobiae	Verrucomicrobia	Bacteria
Albibacterium	Sphingobacteriaceae	Sphingobacteriales	Sphingobacteriia	Bacteroidetes	Bacteria
Albidovulum	Rhodobacteraceae	Rhodobacterales	Alphaproteobacteria	Proteobacteria	Bacteria
Alcaligenes	Alcaligenaceae	Burkholderiales	Betaproteobacteria	Proteobacteria	Bacteria
Algisphaera	Phycisphaeraceae	Phycisphaerales	Phycisphaerae	Planctomycetes	Bacteria
Algoriphagus	Cyclobacteriaceae	Cytophagales	Cytophagia	Bacteroidetes	Bacteria
Alienimonas	Planctomycetaceae	Planctomycetales	Planctomycetia	Planctomycetes	Bacteria
Aliicoccus	Staphylococcaceae	Bacillales	Bacilli	Firmicutes	Bacteria
Aliidiomarina	Idiomarinaceae	Alteromonadales	Gammaproteobacteria	Proteobacteria	Bacteria
Aliidongia	Rhodospirillaceae	Rhodospirillales	Alphaproteobacteria	Proteobacteria	Bacteria
Aliifodinibius	Balneolaceae	Balneolales	Balneolia	Balneolaeota	Bacteria
Aliihoeflea	Phyllobacteriaceae	Rhizobiales	Alphaproteobacteria	Proteobacteria	Bacteria
Alishewanella	Alteromonadaceae	Alteromonadales	Gammaproteobacteria	Proteobacteria	Bacteria
Alistipes	Rikenellaceae	Bacteroidales	Bacteroidia	Bacteroidetes	Bacteria
Aliterella	Chroococcidiopsidaceae	Chroococcidiopsidales		Cyanobacteria	Bacteria
Alkalibacillus	Bacillaceae	Bacillales	Bacilli	Firmicutes	Bacteria
Alkalibacterium	Carnobacteriaceae	Lactobacillales	Bacilli	Firmicutes	Bacteria
Alkaliflexus	Marinilabiliaceae	Marinilabiliales	Bacteroidia	Bacteroidetes	Bacteria
Alkalihalobacillus	Bacillaceae	Bacillales	Bacilli	Firmicutes	Bacteria
Alkaliphilus	Clostridiaceae	Clostridiales	Clostridia	Firmicutes	Bacteria
Alkalitalea	Marinilabiliaceae	Marinilabiliales	Bacteroidia	Bacteroidetes	Bacteria
Alkanindiges	Moraxellaceae	Pseudomonadales	Gammaproteobacteria	Proteobacteria	Bacteria
Allisonella	Veillonellaceae	Veillonellales	Negativicutes	Firmicutes	Bacteria
Allohahella	Hahellaceae	Oceanospirillales	Gammaproteobacteria	Proteobacteria	Bacteria
Alloprevotella	Prevotellaceae	Bacteroidales	Bacteroidia	Bacteroidetes	Bacteria
Allostreptomyces	Streptomycetaceae	Streptomycetales	Actinobacteria	Actinobacteria	Bacteria
Alsobacter		Rhizobiales	Alphaproteobacteria	Proteobacteria	Bacteria
Altererythrobacter	Erythrobacteraceae	Sphingomonadales	Alphaproteobacteria	Proteobacteria	Bacteria
Alterileibacterium	Clostridiales Family XIII. Incertae Sedis	Clostridiales	Clostridia	Firmicutes	Bacteria
Alterococcus	Opitutaceae	Opitutales	Opitutae	Verrucomicrobia	Bacteria
Amaricoccus	Rhodobacteraceae	Rhodobacterales	Alphaproteobacteria	Proteobacteria	Bacteria
Aminipila	Clostridiales Family XIII. Incertae Sedis	Clostridiales	Clostridia	Firmicutes	Bacteria
Aminobacter	Phyllobacteriaceae	Rhizobiales	Alphaproteobacteria	Proteobacteria	Bacteria
Ammonifex	Thermoanaerobacteraceae	Thermoanaerobacterales	Clostridia	Firmicutes	Bacteria
Amorphus	Rhodobiaceae	Rhizobiales	Alphaproteobacteria	Proteobacteria	Bacteria
Amphritea	Oceanospirillaceae	Oceanospirillales	Gammaproteobacteria	Proteobacteria	Bacteria
Anabaena	Nostocaceae	Nostocales		Cyanobacteria	Bacteria
Anaerobacillus	Bacillaceae	Bacillales	Bacilli	Firmicutes	Bacteria
Anaerobacterium	Hungateiclostridiaceae	Clostridiales	Clostridia	Firmicutes	Bacteria
Anaerobiospirillum	Succinivibrionaceae	Aeromonadales	Gammaproteobacteria	Proteobacteria	Bacteria
Anaerobutyricum	Lachnospiraceae	Clostridiales	Clostridia	Firmicutes	Bacteria
Anaerocella	Rikenellaceae	Bacteroidales	Bacteroidia	Bacteroidetes	Bacteria
Anaerococcus	Peptoniphilaceae	Tissierellales	Tissierellia	Firmicutes	Bacteria
Anaerocolumna	Lachnospiraceae	Clostridiales	Clostridia	Firmicutes	Bacteria
Anaeromassilibacillus	Ruminococcaceae	Clostridiales	Clostridia	Firmicutes	Bacteria
Anaeromyxobacter	Anaeromyxobacteraceae	Myxococcales	Deltaproteobacteria	Proteobacteria	Bacteria
Anaeroplasma	Anaeroplasmataceae	Anaeroplasmatales	Mollicutes	Tenericutes	Bacteria
Anaerosphaera	Peptoniphilaceae	Tissierellales	Tissierellia	Firmicutes	Bacteria
Anaerosporomusa	Sporomusaceae	Selenomonadales	Negativicutes	Firmicutes	Bacteria
Anaerostipes	Lachnospiraceae	Clostridiales	Clostridia	Firmicutes	Bacteria
Anaerotaenia	Lachnospiraceae	Clostridiales	Clostridia	Firmicutes	Bacteria
Anaerotignum	Lachnospiraceae	Clostridiales	Clostridia	Firmicutes	Bacteria
Anaerotruncus	Ruminococcaceae	Clostridiales	Clostridia	Firmicutes	Bacteria
Anaerovibrio	Selenomonadaceae	Selenomonadales	Negativicutes	Firmicutes	Bacteria
Anaerovorax	Clostridiales Family XIII. Incertae Sedis	Clostridiales	Clostridia	Firmicutes	Bacteria
Ancylobacter	Xanthobacteraceae	Rhizobiales	Alphaproteobacteria	Proteobacteria	Bacteria
Angustibacter	Kineosporiaceae	Kineosporiales	Actinobacteria	Actinobacteria	Bacteria
Annwoodia	Thiobacillaceae	Nitrosomonadales	Betaproteobacteria	Proteobacteria	Bacteria
Anoxybacillus	Bacillaceae	Bacillales	Bacilli	Firmicutes	Bacteria
Anseongella	Sphingobacteriaceae	Sphingobacteriales	Sphingobacteriia	Bacteroidetes	Bacteria
Antarcticibacterium	Flavobacteriaceae	Flavobacteriales	Flavobacteriia	Bacteroidetes	Bacteria
Aquabacterium		Burkholderiales	Betaproteobacteria	Proteobacteria	Bacteria
Aquicella	Coxiellaceae	Legionellales	Gammaproteobacteria	Proteobacteria	Bacteria
Aquidulcibacter	Caulobacteraceae	Caulobacterales	Alphaproteobacteria	Proteobacteria	Bacteria
Aquihabitans	Iamiaceae	Acidimicrobiales	Acidimicrobiia	Actinobacteria	Bacteria
Aquimonas	Rhodanobacteraceae	Xanthomonadales	Gammaproteobacteria	Proteobacteria	Bacteria
Aquincola		Burkholderiales	Betaproteobacteria	Proteobacteria	Bacteria
Aquisphaera	Isosphaeraceae	Isosphaerales	Planctomycetia	Planctomycetes	Bacteria
Arboricoccus	Geminicoccaceae	Rhodospirillales	Alphaproteobacteria	Proteobacteria	Bacteria
Archangium	Archangiaceae	Myxococcales	Deltaproteobacteria	Proteobacteria	Bacteria
Arcicella	Cytophagaceae	Cytophagales	Cytophagia	Bacteroidetes	Bacteria
Arcobacter	Campylobacteraceae	Campylobacterales	Epsilonproteobacteria	Proteobacteria	Bacteria
Arcticibacter	Sphingobacteriaceae	Sphingobacteriales	Sphingobacteriia	Bacteroidetes	Bacteria
Ardenticatena	Ardenticatenaceae	Ardenticatenales	Ardenticatenia	Chloroflexi	Bacteria
Arenimicrobium	Pyrinomonadaceae	Blastocatellales	Blastocatellia	Acidobacteria	Bacteria
Arenimonas	Xanthomonadaceae	Xanthomonadales	Gammaproteobacteria	Proteobacteria	Bacteria
Aridibacter	Blastocatellaceae	Blastocatellales	Blastocatellia	Acidobacteria	Bacteria
Armatimonas	Armatimonadaceae	Armatimonadales	Armatimonadia	Armatimonadetes	Bacteria
Aromatoleum	Rhodocyclaceae	Rhodocyclales	Betaproteobacteria	Proteobacteria	Bacteria
Arsenicicoccus	Intrasporangiaceae	Micrococcales	Actinobacteria	Actinobacteria	Bacteria
Arthrobacter	Micrococcaceae	Micrococcales	Actinobacteria	Actinobacteria	Bacteria
Asaccharospora	Peptostreptococcaceae	Clostridiales	Clostridia	Firmicutes	Bacteria
Asprobacter	Hyphomonadaceae	Rhodobacterales	Alphaproteobacteria	Proteobacteria	Bacteria
Asteroleplasma	Anaeroplasmataceae	Anaeroplasmatales	Mollicutes	Tenericutes	Bacteria
Asticcacaulis	Caulobacteraceae	Caulobacterales	Alphaproteobacteria	Proteobacteria	Bacteria
Atopobacter	Carnobacteriaceae	Lactobacillales	Bacilli	Firmicutes	Bacteria
Atopostipes	Carnobacteriaceae	Lactobacillales	Bacilli	Firmicutes	Bacteria
Aurantimonas	Aurantimonadaceae	Rhizobiales	Alphaproteobacteria	Proteobacteria	Bacteria
Aureimonas	Aurantimonadaceae	Rhizobiales	Alphaproteobacteria	Proteobacteria	Bacteria
Auricoccus	Staphylococcaceae	Bacillales	Bacilli	Firmicutes	Bacteria
Azoarcus	Zoogloeaceae	Rhodocyclales	Betaproteobacteria	Proteobacteria	Bacteria
Azohydromonas	Alcaligenaceae	Burkholderiales	Betaproteobacteria	Proteobacteria	Bacteria
Azonexus	Azonexaceae	Rhodocyclales	Betaproteobacteria	Proteobacteria	Bacteria
Azospirillum	Rhodospirillaceae	Rhodospirillales	Alphaproteobacteria	Proteobacteria	Bacteria
Azotobacter	Pseudomonadaceae	Pseudomonadales	Gammaproteobacteria	Proteobacteria	Bacteria
Bacillus	Bacillaceae	Bacillales	Bacilli	Firmicutes	Bacteria
Bacteriovorax	Bacteriovoracaceae	Bacteriovoracales	Oligoflexia	Proteobacteria	Bacteria
Bacteroides	Bacteroidaceae	Bacteroidales	Bacteroidia	Bacteroidetes	Bacteria
Baekduia	Baekduiaceae	Rubrobacterales	Rubrobacteria	Actinobacteria	Bacteria
Bariatricus	Lachnospiraceae	Clostridiales	Clostridia	Firmicutes	Bacteria
Barnesiella	Barnesiellaceae	Bacteroidales	Bacteroidia	Bacteroidetes	Bacteria
Bartonella	Bartonellaceae	Rhizobiales	Alphaproteobacteria	Proteobacteria	Bacteria
Bauldia		Rhizobiales	Alphaproteobacteria	Proteobacteria	Bacteria
Bdellovibrio	Bdellovibrionaceae	Bdellovibrionales	Oligoflexia	Proteobacteria	Bacteria
Beijerinckia	Beijerinckiaceae	Rhizobiales	Alphaproteobacteria	Proteobacteria	Bacteria
Bergeyella	Weeksellaceae	Flavobacteriales	Flavobacteriia	Bacteroidetes	Bacteria
Bhargavaea	Planococcaceae	Bacillales	Bacilli	Firmicutes	Bacteria
Blastocatella	Blastocatellaceae	Blastocatellales	Blastocatellia	Acidobacteria	Bacteria
Blastochloris	Hyphomicrobiaceae	Rhizobiales	Alphaproteobacteria	Proteobacteria	Bacteria
Blastococcus	Geodermatophilaceae	Geodermatophilales	Actinobacteria	Actinobacteria	Bacteria
Blastomonas	Sphingomonadaceae	Sphingomonadales	Alphaproteobacteria	Proteobacteria	Bacteria
Blastopirellula	Pirellulaceae	Pirellulales	Planctomycetia	Planctomycetes	Bacteria
Blautia	Lachnospiraceae	Clostridiales	Clostridia	Firmicutes	Bacteria
Bordetella	Alcaligenaceae	Burkholderiales	Betaproteobacteria	Proteobacteria	Bacteria
Bosea	Bradyrhizobiaceae	Rhizobiales	Alphaproteobacteria	Proteobacteria	Bacteria
Bounagaea			Actinobacteria	Actinobacteria	Bacteria
Brachybacterium	Dermabacteraceae	Micrococcales	Actinobacteria	Actinobacteria	Bacteria
Bradyrhizobium	Bradyrhizobiaceae	Rhizobiales	Alphaproteobacteria	Proteobacteria	Bacteria
Brasilonema	Scytonemataceae	Nostocales		Cyanobacteria	Bacteria
Brevibacterium	Brevibacteriaceae	Micrococcales	Actinobacteria	Actinobacteria	Bacteria
Brevifollis	Verrucomicrobiaceae	Verrucomicrobiales	Verrucomicrobiae	Verrucomicrobia	Bacteria
Brevitalea	Pyrinomonadaceae	Blastocatellales	Blastocatellia	Acidobacteria	Bacteria
Brevundimonas	Caulobacteraceae	Caulobacterales	Alphaproteobacteria	Proteobacteria	Bacteria
Breznakia	Erysipelotrichaceae	Erysipelotrichales	Erysipelotrichia	Firmicutes	Bacteria
Brochothrix	Listeriaceae	Bacillales	Bacilli	Firmicutes	Bacteria
Bryobacter	Bryobacteraceae	Bryobacterales	Acidobacteriia	Acidobacteria	Bacteria
Buchnera	Erwiniaceae	Enterobacterales	Gammaproteobacteria	Proteobacteria	Bacteria
Bulleidia	Erysipelotrichaceae	Erysipelotrichales	Erysipelotrichia	Firmicutes	Bacteria
Burkholderia	Burkholderiaceae	Burkholderiales	Betaproteobacteria	Proteobacteria	Bacteria
Buttiauxella	Enterobacteriaceae	Enterobacterales	Gammaproteobacteria	Proteobacteria	Bacteria
Butyricicoccus	Clostridiaceae	Clostridiales	Clostridia	Firmicutes	Bacteria
Butyricimonas	Odoribacteraceae	Bacteroidales	Bacteroidia	Bacteroidetes	Bacteria
Butyrivibrio	Lachnospiraceae	Clostridiales	Clostridia	Firmicutes	Bacteria
Byssovorax	Polyangiaceae	Myxococcales	Deltaproteobacteria	Proteobacteria	Bacteria
Bythopirellula	Lacipirellulaceae	Pirellulales	Planctomycetia	Planctomycetes	Bacteria
Caballeronia	Burkholderiaceae	Burkholderiales	Betaproteobacteria	Proteobacteria	Bacteria
Caecibacter	Veillonellaceae	Veillonellales	Negativicutes	Firmicutes	Bacteria
Caecibacterium	Lachnospiraceae	Clostridiales	Clostridia	Firmicutes	Bacteria
Caedimonas	Caedimonadaceae	Holosporales	Alphaproteobacteria	Proteobacteria	Bacteria
Caenimonas	Comamonadaceae	Burkholderiales	Betaproteobacteria	Proteobacteria	Bacteria
Caldanaerobacter	Thermoanaerobacteraceae	Thermoanaerobacterales	Clostridia	Firmicutes	Bacteria
Caldilinea	Caldilineaceae	Caldilineales	Caldilineae	Chloroflexi	Bacteria
Caldimicrobium	Thermodesulfobacteriaceae	Thermodesulfobacteriales	Thermodesulfobacteria	Thermodesulfobacteria	Bacteria
Caldimonas	Comamonadaceae	Burkholderiales	Betaproteobacteria	Proteobacteria	Bacteria
Caldovatus	Acetobacteraceae	Rhodospirillales	Alphaproteobacteria	Proteobacteria	Bacteria
Calorithrix				Calditrichaeota	Bacteria
Calothrix	Calotrichaceae	Nostocales		Cyanobacteria	Bacteria
Campylobacter	Campylobacteraceae	Campylobacterales	Epsilonproteobacteria	Proteobacteria	Bacteria
Candidatus Babela	Candidatus Babeliaceae	Candidatus Babeliales	Candidatus Babeliae		Bacteria
Candidatus Carsonella	Halomonadaceae	Oceanospirillales	Gammaproteobacteria	Proteobacteria	Bacteria
Candidatus Endolissoclinum	Rhodospirillaceae	Rhodospirillales	Alphaproteobacteria	Proteobacteria	Bacteria
Candidatus Evansia	Halomonadaceae	Oceanospirillales	Gammaproteobacteria	Proteobacteria	Bacteria
Candidatus Fokinia	Candidatus Midichloriaceae	Rickettsiales	Alphaproteobacteria	Proteobacteria	Bacteria
Candidatus Izimaplasma				Tenericutes	Bacteria
Candidatus Koribacter	Acidobacteriaceae	Acidobacteriales	Acidobacteriia	Acidobacteria	Bacteria
Candidatus Kuenenia	Candidatus Brocadiaceae	Candidatus Brocadiales	Candidatus Brocadiae	Planctomycetes	Bacteria
Candidatus Methylopumilus	Methylophilaceae	Nitrosomonadales	Betaproteobacteria	Proteobacteria	Bacteria
Candidatus Nardonella			Gammaproteobacteria	Proteobacteria	Bacteria
Candidatus Nasuia			Betaproteobacteria	Proteobacteria	Bacteria
Candidatus Nucleicultrix	Caedimonadaceae	Holosporales	Alphaproteobacteria	Proteobacteria	Bacteria
Candidatus Paracaedibacter	Candidatus Paracaedibacteraceae	Holosporales	Alphaproteobacteria	Proteobacteria	Bacteria
Candidatus Pelagibacter	Pelagibacteraceae	Pelagibacterales	Alphaproteobacteria	Proteobacteria	Bacteria
Candidatus Phytoplasma	Acholeplasmataceae	Acholeplasmatales	Mollicutes	Tenericutes	Bacteria
Candidatus Saccharimonas				Candidatus Saccharibacteria	Bacteria
Candidatus Solibacter	Solibacteraceae	Bryobacterales	Acidobacteriia	Acidobacteria	Bacteria
Candidimonas	Alcaligenaceae	Burkholderiales	Betaproteobacteria	Proteobacteria	Bacteria
Capnocytophaga	Flavobacteriaceae	Flavobacteriales	Flavobacteriia	Bacteroidetes	Bacteria
Caproiciproducens	Ruminococcaceae	Clostridiales	Clostridia	Firmicutes	Bacteria
Carboxylicivirga	Marinilabiliaceae	Marinilabiliales	Bacteroidia	Bacteroidetes	Bacteria
Cardiobacterium	Cardiobacteriaceae	Cardiobacteriales	Gammaproteobacteria	Proteobacteria	Bacteria
Carnobacterium	Carnobacteriaceae	Lactobacillales	Bacilli	Firmicutes	Bacteria
Caryophanon	Planococcaceae	Bacillales	Bacilli	Firmicutes	Bacteria
Casaltella	Clostridiales Family XIII. Incertae Sedis	Clostridiales	Clostridia	Firmicutes	Bacteria
Catabacter	Catabacteriaceae	Clostridiales	Clostridia	Firmicutes	Bacteria
Catenibacterium	Erysipelotrichaceae	Erysipelotrichales	Erysipelotrichia	Firmicutes	Bacteria
Catenuloplanes	Micromonosporaceae	Micromonosporales	Actinobacteria	Actinobacteria	Bacteria
Catonella	Lachnospiraceae	Clostridiales	Clostridia	Firmicutes	Bacteria
Caulobacter	Caulobacteraceae	Caulobacterales	Alphaproteobacteria	Proteobacteria	Bacteria
Cavicella	Moraxellaceae	Pseudomonadales	Gammaproteobacteria	Proteobacteria	Bacteria
Cedecea	Enterobacteriaceae	Enterobacterales	Gammaproteobacteria	Proteobacteria	Bacteria
Cellulosilyticum	Lachnospiraceae	Clostridiales	Clostridia	Firmicutes	Bacteria
Cellvibrio	Cellvibrionaceae	Cellvibrionales	Gammaproteobacteria	Proteobacteria	Bacteria
Cephaloticoccus	Opitutaceae	Opitutales	Opitutae	Verrucomicrobia	Bacteria
Cerasibacillus	Bacillaceae	Bacillales	Bacilli	Firmicutes	Bacteria
Cetobacterium	Fusobacteriaceae	Fusobacteriales	Fusobacteriia	Fusobacteria	Bacteria
Chelatococcus	Chelatococcaceae	Rhizobiales	Alphaproteobacteria	Proteobacteria	Bacteria
Chiayiivirga	Rhodanobacteraceae	Xanthomonadales	Gammaproteobacteria	Proteobacteria	Bacteria
Chitinibacter	Chromobacteriaceae	Neisseriales	Betaproteobacteria	Proteobacteria	Bacteria
Chitinimonas	Burkholderiaceae	Burkholderiales	Betaproteobacteria	Proteobacteria	Bacteria
Chitinophaga	Chitinophagaceae	Chitinophagales	Chitinophagia	Bacteroidetes	Bacteria
Chondrocystis	Chroococcaceae	Chroococcales		Cyanobacteria	Bacteria
Chondromyces	Polyangiaceae	Myxococcales	Deltaproteobacteria	Proteobacteria	Bacteria
Christensenella	Christensenellaceae	Clostridiales	Clostridia	Firmicutes	Bacteria
Chromatocurvus	Halieaceae	Cellvibrionales	Gammaproteobacteria	Proteobacteria	Bacteria
Chroococcidiopsis	Chroococcidiopsidaceae	Chroococcidiopsidales		Cyanobacteria	Bacteria
Chryseobacterium	Weeksellaceae	Flavobacteriales	Flavobacteriia	Bacteroidetes	Bacteria
Chryseolinea	Fulvivirgaceae	Cytophagales	Cytophagia	Bacteroidetes	Bacteria
Chryseomicrobium	Planococcaceae	Bacillales	Bacilli	Firmicutes	Bacteria
Chthoniobacter	Chthoniobacteraceae	Chthoniobacterales	Spartobacteria	Verrucomicrobia	Bacteria
Chthonomonas	Chthonomonadaceae	Chthonomonadales	Chthonomonadetes	Armatimonadetes	Bacteria
Chujaibacter	Xanthomonadaceae	Xanthomonadales	Gammaproteobacteria	Proteobacteria	Bacteria
Citrobacter	Enterobacteriaceae	Enterobacterales	Gammaproteobacteria	Proteobacteria	Bacteria
Cloacibacillus	Synergistaceae	Synergistales	Synergistia	Synergistetes	Bacteria
Cloacibacterium	Weeksellaceae	Flavobacteriales	Flavobacteriia	Bacteroidetes	Bacteria
Clostridioides	Peptostreptococcaceae	Clostridiales	Clostridia	Firmicutes	Bacteria
Clostridium	Clostridiaceae	Clostridiales	Clostridia	Firmicutes	Bacteria
Cnuella	Chitinophagaceae	Chitinophagales	Chitinophagia	Bacteroidetes	Bacteria
Cobetia	Halomonadaceae	Oceanospirillales	Gammaproteobacteria	Proteobacteria	Bacteria
Cohaesibacter	Cohaesibacteraceae	Rhizobiales	Alphaproteobacteria	Proteobacteria	Bacteria
Cohnella	Paenibacillaceae	Bacillales	Bacilli	Firmicutes	Bacteria
Coleofasciculus	Coleofasciculaceae	Oscillatoriales		Cyanobacteria	Bacteria
Colidextribacter		Clostridiales	Clostridia	Firmicutes	Bacteria
Collimonas	Oxalobacteraceae	Burkholderiales	Betaproteobacteria	Proteobacteria	Bacteria
Collinsella	Coriobacteriaceae	Coriobacteriales	Coriobacteriia	Actinobacteria	Bacteria
Comamonas	Comamonadaceae	Burkholderiales	Betaproteobacteria	Proteobacteria	Bacteria
Conexibacter	Conexibacteraceae	Solirubrobacterales	Thermoleophilia	Actinobacteria	Bacteria
Coprobacillus	Erysipelotrichaceae	Erysipelotrichales	Erysipelotrichia	Firmicutes	Bacteria
Coprococcus	Lachnospiraceae	Clostridiales	Clostridia	Firmicutes	Bacteria
Coraliomargarita	Puniceicoccaceae	Puniceicoccales	Opitutae	Verrucomicrobia	Bacteria
Corallococcus	Myxococcaceae	Myxococcales	Deltaproteobacteria	Proteobacteria	Bacteria
Corticibacterium	Phyllobacteriaceae	Rhizobiales	Alphaproteobacteria	Proteobacteria	Bacteria
Corynebacterium	Corynebacteriaceae	Corynebacteriales	Actinobacteria	Actinobacteria	Bacteria
Coxiella	Coxiellaceae	Legionellales	Gammaproteobacteria	Proteobacteria	Bacteria
Craurococcus	Acetobacteraceae	Rhodospirillales	Alphaproteobacteria	Proteobacteria	Bacteria
Criibacterium	Peptostreptococcaceae	Clostridiales	Clostridia	Firmicutes	Bacteria
Crinalium	Gomontiellaceae	Oscillatoriales		Cyanobacteria	Bacteria
Croceibacterium	Erythrobacteraceae	Sphingomonadales	Alphaproteobacteria	Proteobacteria	Bacteria
Cronbergia	Nostocaceae	Nostocales		Cyanobacteria	Bacteria
Cronobacter	Enterobacteriaceae	Enterobacterales	Gammaproteobacteria	Proteobacteria	Bacteria
Cuneatibacter	Lachnospiraceae	Clostridiales	Clostridia	Firmicutes	Bacteria
Cupriavidus	Burkholderiaceae	Burkholderiales	Betaproteobacteria	Proteobacteria	Bacteria
Curtobacterium	Microbacteriaceae	Micrococcales	Actinobacteria	Actinobacteria	Bacteria
Curvibacter	Comamonadaceae	Burkholderiales	Betaproteobacteria	Proteobacteria	Bacteria
Cutibacterium	Propionibacteriaceae	Propionibacteriales	Actinobacteria	Actinobacteria	Bacteria
Cyanothece	Cyanothecaceae	Oscillatoriales		Cyanobacteria	Bacteria
Cylindrospermum	Nostocaceae	Nostocales		Cyanobacteria	Bacteria
Cystobacter	Archangiaceae	Myxococcales	Deltaproteobacteria	Proteobacteria	Bacteria
Cytobacillus	Bacillaceae	Bacillales	Bacilli	Firmicutes	Bacteria
Cytophaga	Cytophagaceae	Cytophagales	Cytophagia	Bacteroidetes	Bacteria
Daejeonella	Sphingobacteriaceae	Sphingobacteriales	Sphingobacteriia	Bacteroidetes	Bacteria
Dankookia	Acetobacteraceae	Rhodospirillales	Alphaproteobacteria	Proteobacteria	Bacteria
Dechloromonas	Azonexaceae	Rhodocyclales	Betaproteobacteria	Proteobacteria	Bacteria
Deefgea	Chromobacteriaceae	Neisseriales	Betaproteobacteria	Proteobacteria	Bacteria
Deferribacter	Deferribacteraceae	Deferribacterales	Deferribacteres	Deferribacteres	Bacteria
Defluviicoccus	Rhodospirillaceae	Rhodospirillales	Alphaproteobacteria	Proteobacteria	Bacteria
Defluviitalea	Defluviitaleaceae	Clostridiales	Clostridia	Firmicutes	Bacteria
Dehalobacterium	Peptococcaceae	Clostridiales	Clostridia	Firmicutes	Bacteria
Deinococcus	Deinococcaceae	Deinococcales	Deinococci	Deinococcus-Thermus	Bacteria
Delftia	Comamonadaceae	Burkholderiales	Betaproteobacteria	Proteobacteria	Bacteria
Denitratisoma	Sterolibacteriaceae	Nitrosomonadales	Betaproteobacteria	Proteobacteria	Bacteria
Dermabacter	Dermabacteraceae	Micrococcales	Actinobacteria	Actinobacteria	Bacteria
Derxia	Alcaligenaceae	Burkholderiales	Betaproteobacteria	Proteobacteria	Bacteria
Desemzia	Carnobacteriaceae	Lactobacillales	Bacilli	Firmicutes	Bacteria
Desnuesiella	Clostridiaceae	Clostridiales	Clostridia	Firmicutes	Bacteria
Desulfatitalea	Desulfobacteraceae	Desulfobacterales	Deltaproteobacteria	Proteobacteria	Bacteria
Desulfobacca	Syntrophaceae	Syntrophobacterales	Deltaproteobacteria	Proteobacteria	Bacteria
Desulfofarcimen	Peptococcaceae	Clostridiales	Clostridia	Firmicutes	Bacteria
Desulfofrigus	Desulfobacteraceae	Desulfobacterales	Deltaproteobacteria	Proteobacteria	Bacteria
Desulfofundulus	Peptococcaceae	Clostridiales	Clostridia	Firmicutes	Bacteria
Desulfomicrobium	Desulfomicrobiaceae	Desulfovibrionales	Deltaproteobacteria	Proteobacteria	Bacteria
Desulfomonile	Syntrophaceae	Syntrophobacterales	Deltaproteobacteria	Proteobacteria	Bacteria
Desulfonatronum	Desulfonatronaceae	Desulfovibrionales	Deltaproteobacteria	Proteobacteria	Bacteria
Desulfonauticus	Desulfohalobiaceae	Desulfovibrionales	Deltaproteobacteria	Proteobacteria	Bacteria
Desulfonispora	Peptococcaceae	Clostridiales	Clostridia	Firmicutes	Bacteria
Desulfosarcina	Desulfobacteraceae	Desulfobacterales	Deltaproteobacteria	Proteobacteria	Bacteria
Desulfosoma	Syntrophobacteraceae	Syntrophobacterales	Deltaproteobacteria	Proteobacteria	Bacteria
Desulfothermobacter	Thermoanaerobacteraceae	Thermoanaerobacterales	Clostridia	Firmicutes	Bacteria
Desulfovibrio	Desulfovibrionaceae	Desulfovibrionales	Deltaproteobacteria	Proteobacteria	Bacteria
Desulfurivibrio	Desulfobulbaceae	Desulfobacterales	Deltaproteobacteria	Proteobacteria	Bacteria
Desulfuromonas	Desulfuromonadaceae	Desulfuromonadales	Deltaproteobacteria	Proteobacteria	Bacteria
Desulfuromusa	Desulfuromonadaceae	Desulfuromonadales	Deltaproteobacteria	Proteobacteria	Bacteria
Devosia	Hyphomicrobiaceae	Rhizobiales	Alphaproteobacteria	Proteobacteria	Bacteria
Dialister	Veillonellaceae	Veillonellales	Negativicutes	Firmicutes	Bacteria
Diaminobutyricimonas	Microbacteriaceae	Micrococcales	Actinobacteria	Actinobacteria	Bacteria
Diplorickettsia	Coxiellaceae	Legionellales	Gammaproteobacteria	Proteobacteria	Bacteria
Dissulfuribacter			Deltaproteobacteria	Proteobacteria	Bacteria
Dissulfurimicrobium			Deltaproteobacteria	Proteobacteria	Bacteria
Dissulfurirhabdus	Dissulfurirhabdaceae		Deltaproteobacteria	Proteobacteria	Bacteria
Dokdonella	Rhodanobacteraceae	Xanthomonadales	Gammaproteobacteria	Proteobacteria	Bacteria
Dolosigranulum	Carnobacteriaceae	Lactobacillales	Bacilli	Firmicutes	Bacteria
Domibacillus	Bacillaceae	Bacillales	Bacilli	Firmicutes	Bacteria
Dongia	Rhodospirillaceae	Rhodospirillales	Alphaproteobacteria	Proteobacteria	Bacteria
Dorea	Lachnospiraceae	Clostridiales	Clostridia	Firmicutes	Bacteria
Duganella	Oxalobacteraceae	Burkholderiales	Betaproteobacteria	Proteobacteria	Bacteria
Dulcicalothrix	Calotrichaceae	Nostocales		Cyanobacteria	Bacteria
Duncaniella	Muribaculaceae	Bacteroidales	Bacteroidia	Bacteroidetes	Bacteria
Duodenibacillus	Sutterellaceae	Burkholderiales	Betaproteobacteria	Proteobacteria	Bacteria
Dyadobacter	Cytophagaceae	Cytophagales	Cytophagia	Bacteroidetes	Bacteria
Dyella	Rhodanobacteraceae	Xanthomonadales	Gammaproteobacteria	Proteobacteria	Bacteria
Dysosmobacter	Oscillospiraceae	Clostridiales	Clostridia	Firmicutes	Bacteria
Ectothiorhodospira	Ectothiorhodospiraceae	Chromatiales	Gammaproteobacteria	Proteobacteria	Bacteria
Edaphobacter	Acidobacteriaceae	Acidobacteriales	Acidobacteriia	Acidobacteria	Bacteria
Edaphobaculum	Chitinophagaceae	Chitinophagales	Chitinophagia	Bacteroidetes	Bacteria
Egibacter	Egibacteraceae	Egibacterales	Nitriliruptoria	Actinobacteria	Bacteria
Eikenella	Neisseriaceae	Neisseriales	Betaproteobacteria	Proteobacteria	Bacteria
Eisenbergiella	Lachnospiraceae	Clostridiales	Clostridia	Firmicutes	Bacteria
Elusimicrobium	Elusimicrobiaceae	Elusimicrobiales	Elusimicrobia	Elusimicrobia	Bacteria
Emcibacter	Emcibacteraceae	Emcibacterales	Alphaproteobacteria	Proteobacteria	Bacteria
Emergencia	Clostridiales Family XIII. Incertae Sedis	Clostridiales	Clostridia	Firmicutes	Bacteria
Empedobacter	Weeksellaceae	Flavobacteriales	Flavobacteriia	Bacteroidetes	Bacteria
Emticicia	Cytophagaceae	Cytophagales	Cytophagia	Bacteroidetes	Bacteria
Endobacter	Acetobacteraceae	Rhodospirillales	Alphaproteobacteria	Proteobacteria	Bacteria
Endomicrobium	Endomicrobiaceae	Endomicrobiales	Endomicrobia	Elusimicrobia	Bacteria
Ensifer	Rhizobiaceae	Rhizobiales	Alphaproteobacteria	Proteobacteria	Bacteria
Enterobacter	Enterobacteriaceae	Enterobacterales	Gammaproteobacteria	Proteobacteria	Bacteria
Enterocloster	Lachnospiraceae	Clostridiales	Clostridia	Firmicutes	Bacteria
Enterococcus	Enterococcaceae	Lactobacillales	Bacilli	Firmicutes	Bacteria
Enterovirga	Methylobacteriaceae	Rhizobiales	Alphaproteobacteria	Proteobacteria	Bacteria
Eoetvoesia	Alcaligenaceae	Burkholderiales	Betaproteobacteria	Proteobacteria	Bacteria
Ercella	Hungateiclostridiaceae	Clostridiales	Clostridia	Firmicutes	Bacteria
Ereboglobus	Opitutaceae	Opitutales	Opitutae	Verrucomicrobia	Bacteria
Erwinia	Erwiniaceae	Enterobacterales	Gammaproteobacteria	Proteobacteria	Bacteria
Erysipelatoclostridium	Erysipelotrichaceae	Erysipelotrichales	Erysipelotrichia	Firmicutes	Bacteria
Erysipelothrix	Erysipelotrichaceae	Erysipelotrichales	Erysipelotrichia	Firmicutes	Bacteria
Erythrobacter	Erythrobacteraceae	Sphingomonadales	Alphaproteobacteria	Proteobacteria	Bacteria
Escherichia	Enterobacteriaceae	Enterobacterales	Gammaproteobacteria	Proteobacteria	Bacteria
Ethanoligenens	Ruminococcaceae	Clostridiales	Clostridia	Firmicutes	Bacteria
Eubacterium	Eubacteriaceae	Clostridiales	Clostridia	Firmicutes	Bacteria
Euzebya	Euzebyaceae	Euzebyales	Nitriliruptoria	Actinobacteria	Bacteria
Ewingella	Yersiniaceae	Enterobacterales	Gammaproteobacteria	Proteobacteria	Bacteria
Exiguobacterium		Bacillales	Bacilli	Firmicutes	Bacteria
Ezakiella			Tissierellia	Firmicutes	Bacteria
Facklamia	Aerococcaceae	Lactobacillales	Bacilli	Firmicutes	Bacteria
Faecalibacterium	Ruminococcaceae	Clostridiales	Clostridia	Firmicutes	Bacteria
Faecalicatena	Lachnospiraceae	Clostridiales	Clostridia	Firmicutes	Bacteria
Faecalimonas	Lachnospiraceae	Clostridiales	Clostridia	Firmicutes	Bacteria
Faecalitalea	Erysipelotrichaceae	Erysipelotrichales	Erysipelotrichia	Firmicutes	Bacteria
Falcatimonas	Clostridiaceae	Clostridiales	Clostridia	Firmicutes	Bacteria
Falsirhodobacter	Rhodobacteraceae	Rhodobacterales	Alphaproteobacteria	Proteobacteria	Bacteria
Ferrimicrobium	Acidimicrobiaceae	Acidimicrobiales	Acidimicrobiia	Actinobacteria	Bacteria
Ferrovibrio	Rhodospirillaceae	Rhodospirillales	Alphaproteobacteria	Proteobacteria	Bacteria
Ferruginibacter	Chitinophagaceae	Chitinophagales	Chitinophagia	Bacteroidetes	Bacteria
Fibrobacter	Fibrobacteraceae	Fibrobacterales	Fibrobacteria	Fibrobacteres	Bacteria
Fictibacillus	Bacillaceae	Bacillales	Bacilli	Firmicutes	Bacteria
Filifactor	Peptostreptococcaceae	Clostridiales	Clostridia	Firmicutes	Bacteria
Fimbriiglobus	Gemmataceae	Gemmatales	Planctomycetia	Planctomycetes	Bacteria
Fimbriimonas	Fimbriimonadaceae	Fimbriimonadales	Fimbriimonadia	Armatimonadetes	Bacteria
Finegoldia	Peptoniphilaceae	Tissierellales	Tissierellia	Firmicutes	Bacteria
Fischerella	Hapalosiphonaceae	Nostocales		Cyanobacteria	Bacteria
Flaviaesturariibacter	Chitinophagaceae	Chitinophagales	Chitinophagia	Bacteroidetes	Bacteria
Flaviflagellibacter		Rhizobiales	Alphaproteobacteria	Proteobacteria	Bacteria
Flavihumibacter	Chitinophagaceae	Chitinophagales	Chitinophagia	Bacteroidetes	Bacteria
Flavilitoribacter	Lewinellaceae	Saprospirales	Saprospiria	Bacteroidetes	Bacteria
Flavisolibacter	Chitinophagaceae	Chitinophagales	Chitinophagia	Bacteroidetes	Bacteria
Flavitalea	Chitinophagaceae	Chitinophagales	Chitinophagia	Bacteroidetes	Bacteria
Flavobacterium	Flavobacteriaceae	Flavobacteriales	Flavobacteriia	Bacteroidetes	Bacteria
Flavonifractor	Ruminococcaceae	Clostridiales	Clostridia	Firmicutes	Bacteria
Flectobacillus	Cytophagaceae	Cytophagales	Cytophagia	Bacteroidetes	Bacteria
Flintibacter		Clostridiales	Clostridia	Firmicutes	Bacteria
Fluviicola	Crocinitomicaceae	Flavobacteriales	Flavobacteriia	Bacteroidetes	Bacteria
Fontibacillus	Paenibacillaceae	Bacillales	Bacilli	Firmicutes	Bacteria
Fontibacter	Cyclobacteriaceae	Cytophagales	Cytophagia	Bacteroidetes	Bacteria
Fonticella	Clostridiaceae	Clostridiales	Clostridia	Firmicutes	Bacteria
Fournierella	Ruminococcaceae	Clostridiales	Clostridia	Firmicutes	Bacteria
Francisella	Francisellaceae	Thiotrichales	Gammaproteobacteria	Proteobacteria	Bacteria
Frankia	Frankiaceae	Frankiales	Actinobacteria	Actinobacteria	Bacteria
Frateuria	Rhodanobacteraceae	Xanthomonadales	Gammaproteobacteria	Proteobacteria	Bacteria
Friedmanniella	Nocardioidaceae	Propionibacteriales	Actinobacteria	Actinobacteria	Bacteria
Frigidibacter	Rhodobacteraceae	Rhodobacterales	Alphaproteobacteria	Proteobacteria	Bacteria
Frigoribacterium	Microbacteriaceae	Micrococcales	Actinobacteria	Actinobacteria	Bacteria
Fructobacillus	Leuconostocaceae	Lactobacillales	Bacilli	Firmicutes	Bacteria
Fusicatenibacter	Lachnospiraceae	Clostridiales	Clostridia	Firmicutes	Bacteria
Fusobacterium	Fusobacteriaceae	Fusobacteriales	Fusobacteriia	Fusobacteria	Bacteria
Gabonia	Porphyromonadaceae	Bacteroidales	Bacteroidia	Bacteroidetes	Bacteria
Gaiella	Gaiellaceae	Gaiellales	Rubrobacteria	Actinobacteria	Bacteria
Garicola	Micrococcaceae	Micrococcales	Actinobacteria	Actinobacteria	Bacteria
Geitlerinema	Coleofasciculaceae	Oscillatoriales		Cyanobacteria	Bacteria
Gellertiella	Rhizobiaceae	Rhizobiales	Alphaproteobacteria	Proteobacteria	Bacteria
Gemella		Bacillales	Bacilli	Firmicutes	Bacteria
Geminicoccus	Geminicoccaceae	Rhodospirillales	Alphaproteobacteria	Proteobacteria	Bacteria
Gemmata	Gemmataceae	Gemmatales	Planctomycetia	Planctomycetes	Bacteria
Gemmatimonas	Gemmatimonadaceae	Gemmatimonadales	Gemmatimonadetes	Gemmatimonadetes	Bacteria
Gemmatirosa	Gemmatimonadaceae	Gemmatimonadales	Gemmatimonadetes	Gemmatimonadetes	Bacteria
Gemmiger	Ruminococcaceae	Clostridiales	Clostridia	Firmicutes	Bacteria
Gemmobacter	Rhodobacteraceae	Rhodobacterales	Alphaproteobacteria	Proteobacteria	Bacteria
Geoalkalibacter	Geobacteraceae	Desulfuromonadales	Deltaproteobacteria	Proteobacteria	Bacteria
Geobacter	Geobacteraceae	Desulfuromonadales	Deltaproteobacteria	Proteobacteria	Bacteria
Geodermatophilus	Geodermatophilaceae	Geodermatophilales	Actinobacteria	Actinobacteria	Bacteria
Geofilum	Marinilabiliaceae	Marinilabiliales	Bacteroidia	Bacteroidetes	Bacteria
Geopsychrobacter	Geobacteraceae	Desulfuromonadales	Deltaproteobacteria	Proteobacteria	Bacteria
Georgfuchsia	Sterolibacteriaceae	Nitrosomonadales	Betaproteobacteria	Proteobacteria	Bacteria
Geothrix	Holophagaceae	Holophagales	Holophagae	Acidobacteria	Bacteria
Glaciecola	Alteromonadaceae	Alteromonadales	Gammaproteobacteria	Proteobacteria	Bacteria
Glaciihabitans	Microbacteriaceae	Micrococcales	Actinobacteria	Actinobacteria	Bacteria
Glaciimonas	Oxalobacteraceae	Burkholderiales	Betaproteobacteria	Proteobacteria	Bacteria
Globicatella	Aerococcaceae	Lactobacillales	Bacilli	Firmicutes	Bacteria
Gloeobacter	Gloeobacteraceae	Gloeobacterales	Gloeobacteria	Cyanobacteria	Bacteria
Gloeocapsa	Chroococcaceae	Chroococcales		Cyanobacteria	Bacteria
Gloeothece	Aphanothecaceae	Chroococcales		Cyanobacteria	Bacteria
Gluconacetobacter	Acetobacteraceae	Rhodospirillales	Alphaproteobacteria	Proteobacteria	Bacteria
Glutamicibacter	Micrococcaceae	Micrococcales	Actinobacteria	Actinobacteria	Bacteria
Gracilibacillus	Bacillaceae	Bacillales	Bacilli	Firmicutes	Bacteria
Granulicatella	Carnobacteriaceae	Lactobacillales	Bacilli	Firmicutes	Bacteria
Granulicella	Acidobacteriaceae	Acidobacteriales	Acidobacteriia	Acidobacteria	Bacteria
Haematobacter	Rhodobacteraceae	Rhodobacterales	Alphaproteobacteria	Proteobacteria	Bacteria
Haemophilus	Pasteurellaceae	Pasteurellales	Gammaproteobacteria	Proteobacteria	Bacteria
Hafnia	Hafniaceae	Enterobacterales	Gammaproteobacteria	Proteobacteria	Bacteria
Hahella	Hahellaceae	Oceanospirillales	Gammaproteobacteria	Proteobacteria	Bacteria
Haliangium	Kofleriaceae	Myxococcales	Deltaproteobacteria	Proteobacteria	Bacteria
Haliea	Halieaceae	Cellvibrionales	Gammaproteobacteria	Proteobacteria	Bacteria
Haliscomenobacter	Haliscomenobacteraceae	Saprospirales	Saprospiria	Bacteroidetes	Bacteria
Halobacillus	Bacillaceae	Bacillales	Bacilli	Firmicutes	Bacteria
Halobacteriovorax	Halobacteriovoraceae	Bacteriovoracales	Oligoflexia	Proteobacteria	Bacteria
Halomicronema	Prochlorotrichaceae	Synechococcales		Cyanobacteria	Bacteria
Halomonas	Halomonadaceae	Oceanospirillales	Gammaproteobacteria	Proteobacteria	Bacteria
Hartmannibacter		Rhizobiales	Alphaproteobacteria	Proteobacteria	Bacteria
Helcococcus	Peptoniphilaceae	Tissierellales	Tissierellia	Firmicutes	Bacteria
Helicobacter	Helicobacteraceae	Campylobacterales	Epsilonproteobacteria	Proteobacteria	Bacteria
Herbaspirillum	Oxalobacteraceae	Burkholderiales	Betaproteobacteria	Proteobacteria	Bacteria
Herbinix	Lachnospiraceae	Clostridiales	Clostridia	Firmicutes	Bacteria
Herminiimonas	Oxalobacteraceae	Burkholderiales	Betaproteobacteria	Proteobacteria	Bacteria
Herpetosiphon	Herpetosiphonaceae	Herpetosiphonales	Chloroflexia	Chloroflexi	Bacteria
Hespellia	Lachnospiraceae	Clostridiales	Clostridia	Firmicutes	Bacteria
Holdemanella	Erysipelotrichaceae	Erysipelotrichales	Erysipelotrichia	Firmicutes	Bacteria
Holophaga	Holophagaceae	Holophagales	Holophagae	Acidobacteria	Bacteria
Howardella		Clostridiales	Clostridia	Firmicutes	Bacteria
Hungateiclostridium	Hungateiclostridiaceae	Clostridiales	Clostridia	Firmicutes	Bacteria
Hungatella	Clostridiaceae	Clostridiales	Clostridia	Firmicutes	Bacteria
Hyalangium	Archangiaceae	Myxococcales	Deltaproteobacteria	Proteobacteria	Bacteria
Hydrocarboniphaga	Sinobacteraceae	Nevskiales	Gammaproteobacteria	Proteobacteria	Bacteria
Hydrogenispora				Firmicutes	Bacteria
Hydrogenoanaerobacterium	Ruminococcaceae	Clostridiales	Clostridia	Firmicutes	Bacteria
Hydrogenophaga	Comamonadaceae	Burkholderiales	Betaproteobacteria	Proteobacteria	Bacteria
Hymenobacter	Hymenobacteraceae	Cytophagales	Cytophagia	Bacteroidetes	Bacteria
Hypericibacter	Rhodospirillaceae	Rhodospirillales	Alphaproteobacteria	Proteobacteria	Bacteria
Hyphomicrobium	Hyphomicrobiaceae	Rhizobiales	Alphaproteobacteria	Proteobacteria	Bacteria
Iamia	Iamiaceae	Acidimicrobiales	Acidimicrobiia	Actinobacteria	Bacteria
Ideonella		Burkholderiales	Betaproteobacteria	Proteobacteria	Bacteria
Ignavibacterium	Ignavibacteriaceae	Ignavibacteriales	Ignavibacteria	Ignavibacteriae	Bacteria
Ihubacter	Clostridiales Family XIII. Incertae Sedis	Clostridiales	Clostridia	Firmicutes	Bacteria
Ilumatobacter	Ilumatobacteraceae	Acidimicrobiales	Acidimicrobiia	Actinobacteria	Bacteria
Inhella		Burkholderiales	Betaproteobacteria	Proteobacteria	Bacteria
Inquilinus	Rhodospirillaceae	Rhodospirillales	Alphaproteobacteria	Proteobacteria	Bacteria
Insolitispirillum	Rhodospirillaceae	Rhodospirillales	Alphaproteobacteria	Proteobacteria	Bacteria
Intestinibacillus	Eubacteriaceae	Clostridiales	Clostridia	Firmicutes	Bacteria
Intestinibacter	Peptostreptococcaceae	Clostridiales	Clostridia	Firmicutes	Bacteria
Intestinimonas		Clostridiales	Clostridia	Firmicutes	Bacteria
Iphinoe	Stigonemataceae	Nostocales		Cyanobacteria	Bacteria
Janibacter	Intrasporangiaceae	Micrococcales	Actinobacteria	Actinobacteria	Bacteria
Jannaschia	Rhodobacteraceae	Rhodobacterales	Alphaproteobacteria	Proteobacteria	Bacteria
Janthinobacterium	Oxalobacteraceae	Burkholderiales	Betaproteobacteria	Proteobacteria	Bacteria
Jatrophihabitans	Frankiaceae	Frankiales	Actinobacteria	Actinobacteria	Bacteria
Jeotgalibaca	Carnobacteriaceae	Lactobacillales	Bacilli	Firmicutes	Bacteria
Jeotgalicoccus	Staphylococcaceae	Bacillales	Bacilli	Firmicutes	Bacteria
Jiella	Aurantimonadaceae	Rhizobiales	Alphaproteobacteria	Proteobacteria	Bacteria
Jonquetella	Synergistaceae	Synergistales	Synergistia	Synergistetes	Bacteria
Kaistia	Rhizobiaceae	Rhizobiales	Alphaproteobacteria	Proteobacteria	Bacteria
Kallipyga			Tissierellia	Firmicutes	Bacteria
Kallotenue	Kallotenuaceae	Kallotenuales	Chloroflexia	Chloroflexi	Bacteria
Ketogulonicigenium	Rhodobacteraceae	Rhodobacterales	Alphaproteobacteria	Proteobacteria	Bacteria
Kiloniella	Kiloniellaceae	Kiloniellales	Alphaproteobacteria	Proteobacteria	Bacteria
Kineothrix	Lachnospiraceae	Clostridiales	Clostridia	Firmicutes	Bacteria
Kingella	Neisseriaceae	Neisseriales	Betaproteobacteria	Proteobacteria	Bacteria
Kiritimatiella	Kiritimatiellaceae	Kiritimatiellales	Kiritimatiellae	Kiritimatiellaeota	Bacteria
Klebsiella	Enterobacteriaceae	Enterobacterales	Gammaproteobacteria	Proteobacteria	Bacteria
Kluyvera	Enterobacteriaceae	Enterobacterales	Gammaproteobacteria	Proteobacteria	Bacteria
Knoellia	Intrasporangiaceae	Micrococcales	Actinobacteria	Actinobacteria	Bacteria
Kocuria	Micrococcaceae	Micrococcales	Actinobacteria	Actinobacteria	Bacteria
Kofleria	Kofleriaceae	Myxococcales	Deltaproteobacteria	Proteobacteria	Bacteria
Kosakonia	Enterobacteriaceae	Enterobacterales	Gammaproteobacteria	Proteobacteria	Bacteria
Kribbella	Nocardioidaceae	Propionibacteriales	Actinobacteria	Actinobacteria	Bacteria
Kryptousia	Tolypothrichaceae	Nostocales		Cyanobacteria	Bacteria
Ktedonosporobacter	Ktedonosporobacteraceae	Ktedonobacterales	Ktedonobacteria	Chloroflexi	Bacteria
Kurthia	Planococcaceae	Bacillales	Bacilli	Firmicutes	Bacteria
Kushneria	Halomonadaceae	Oceanospirillales	Gammaproteobacteria	Proteobacteria	Bacteria
Labilithrix	Labilitrichaceae	Myxococcales	Deltaproteobacteria	Proteobacteria	Bacteria
Labrys	Xanthobacteraceae	Rhizobiales	Alphaproteobacteria	Proteobacteria	Bacteria
Laceyella	Thermoactinomycetaceae	Bacillales	Bacilli	Firmicutes	Bacteria
Lachnoanaerobaculum	Lachnospiraceae	Clostridiales	Clostridia	Firmicutes	Bacteria
Lachnoclostridium	Lachnospiraceae	Clostridiales	Clostridia	Firmicutes	Bacteria
Lachnospira	Lachnospiraceae	Clostridiales	Clostridia	Firmicutes	Bacteria
Lacibacter	Chitinophagaceae	Chitinophagales	Chitinophagia	Bacteroidetes	Bacteria
Lacihabitans	Cytophagaceae	Cytophagales	Cytophagia	Bacteroidetes	Bacteria
Lacisediminimonas	Oxalobacteraceae	Burkholderiales	Betaproteobacteria	Proteobacteria	Bacteria
Lacrimispora	Lachnospiraceae	Clostridiales	Clostridia	Firmicutes	Bacteria
Lactobacillus	Lactobacillaceae	Lactobacillales	Bacilli	Firmicutes	Bacteria
Lactococcus	Streptococcaceae	Lactobacillales	Bacilli	Firmicutes	Bacteria
Lacunisphaera	Opitutaceae	Opitutales	Opitutae	Verrucomicrobia	Bacteria
Lautropia	Burkholderiaceae	Burkholderiales	Betaproteobacteria	Proteobacteria	Bacteria
Lawsonella		Corynebacteriales	Actinobacteria	Actinobacteria	Bacteria
Leadbetterella	Cytophagaceae	Cytophagales	Cytophagia	Bacteroidetes	Bacteria
Leclercia	Enterobacteriaceae	Enterobacterales	Gammaproteobacteria	Proteobacteria	Bacteria
Legionella	Legionellaceae	Legionellales	Gammaproteobacteria	Proteobacteria	Bacteria
Lelliottia	Enterobacteriaceae	Enterobacterales	Gammaproteobacteria	Proteobacteria	Bacteria
Lentibacillus	Bacillaceae	Bacillales	Bacilli	Firmicutes	Bacteria
Lentilitoribacter	Phyllobacteriaceae	Rhizobiales	Alphaproteobacteria	Proteobacteria	Bacteria
Lentimicrobium	Lentimicrobiaceae	Bacteroidales	Bacteroidia	Bacteroidetes	Bacteria
Lentzea	Pseudonocardiaceae	Pseudonocardiales	Actinobacteria	Actinobacteria	Bacteria
Leptolyngbya	Leptolyngbyaceae	Synechococcales		Cyanobacteria	Bacteria
Leptothrix		Burkholderiales	Betaproteobacteria	Proteobacteria	Bacteria
Leptotrichia	Leptotrichiaceae	Fusobacteriales	Fusobacteriia	Fusobacteria	Bacteria
Leuconostoc	Leuconostocaceae	Lactobacillales	Bacilli	Firmicutes	Bacteria
Levyella		Clostridiales	Clostridia	Firmicutes	Bacteria
Lewinella	Lewinellaceae	Saprospirales	Saprospiria	Bacteroidetes	Bacteria
Libanicoccus	Atopobiaceae	Coriobacteriales	Coriobacteriia	Actinobacteria	Bacteria
Liberibacter	Rhizobiaceae	Rhizobiales	Alphaproteobacteria	Proteobacteria	Bacteria
Lichenibacterium	Lichenibacteriaceae	Rhizobiales	Alphaproteobacteria	Proteobacteria	Bacteria
Lichenihabitans	Lichenihabitantaceae	Rhizobiales	Alphaproteobacteria	Proteobacteria	Bacteria
Limisphaera	Verrucomicrobia subdivision 3	Verrucomicrobiales	Verrucomicrobiae	Verrucomicrobia	Bacteria
Limnobacter	Burkholderiaceae	Burkholderiales	Betaproteobacteria	Proteobacteria	Bacteria
Limnoglobus	Gemmataceae	Gemmatales	Planctomycetia	Planctomycetes	Bacteria
Limnohabitans	Comamonadaceae	Burkholderiales	Betaproteobacteria	Proteobacteria	Bacteria
Limosilactobacillus	Lactobacillaceae	Lactobacillales	Bacilli	Firmicutes	Bacteria
Litoreibacter	Rhodobacteraceae	Rhodobacterales	Alphaproteobacteria	Proteobacteria	Bacteria
Litorilinea	Caldilineaceae	Caldilineales	Caldilineae	Chloroflexi	Bacteria
Longibaculum	Erysipelotrichaceae	Erysipelotrichales	Erysipelotrichia	Firmicutes	Bacteria
Longimicrobium	Longimicrobiaceae	Longimicrobiales	Longimicrobia	Gemmatimonadetes	Bacteria
Loriellopsis	Symphyonemataceae	Nostocales		Cyanobacteria	Bacteria
Luedemannella	Micromonosporaceae	Micromonosporales	Actinobacteria	Actinobacteria	Bacteria
Luminiphilus	Halieaceae	Cellvibrionales	Gammaproteobacteria	Proteobacteria	Bacteria
Lunatimonas	Cyclobacteriaceae	Cytophagales	Cytophagia	Bacteroidetes	Bacteria
Luteibacter	Rhodanobacteraceae	Xanthomonadales	Gammaproteobacteria	Proteobacteria	Bacteria
Luteimonas	Xanthomonadaceae	Xanthomonadales	Gammaproteobacteria	Proteobacteria	Bacteria
Luteitalea	Vicinamibacteraceae		Vicinamibacteria	Acidobacteria	Bacteria
Luteolibacter	Verrucomicrobiaceae	Verrucomicrobiales	Verrucomicrobiae	Verrucomicrobia	Bacteria
Lutispora	Clostridiaceae	Clostridiales	Clostridia	Firmicutes	Bacteria
Lysinibacillus	Bacillaceae	Bacillales	Bacilli	Firmicutes	Bacteria
Lysobacter	Xanthomonadaceae	Xanthomonadales	Gammaproteobacteria	Proteobacteria	Bacteria
Macrococcus	Staphylococcaceae	Bacillales	Bacilli	Firmicutes	Bacteria
Mageeibacillus	Hungateiclostridiaceae	Clostridiales	Clostridia	Firmicutes	Bacteria
Magnetospirillum	Rhodospirillaceae	Rhodospirillales	Alphaproteobacteria	Proteobacteria	Bacteria
Mangroviflexus	Marinilabiliaceae	Marinilabiliales	Bacteroidia	Bacteroidetes	Bacteria
Marinibaculum	Rhodospirillaceae	Rhodospirillales	Alphaproteobacteria	Proteobacteria	Bacteria
Mariniblastus	Pirellulaceae	Pirellulales	Planctomycetia	Planctomycetes	Bacteria
Marinilactibacillus	Carnobacteriaceae	Lactobacillales	Bacilli	Firmicutes	Bacteria
Marinobacterium	Oceanospirillaceae	Oceanospirillales	Gammaproteobacteria	Proteobacteria	Bacteria
Marinospirillum	Oceanospirillaceae	Oceanospirillales	Gammaproteobacteria	Proteobacteria	Bacteria
Mariprofundus	Mariprofundaceae	Mariprofundales	Zetaproteobacteria	Proteobacteria	Bacteria
Marmoricola	Nocardioidaceae	Propionibacteriales	Actinobacteria	Actinobacteria	Bacteria
Marseilla	Prevotellaceae	Bacteroidales	Bacteroidia	Bacteroidetes	Bacteria
Martelella	Aurantimonadaceae	Rhizobiales	Alphaproteobacteria	Proteobacteria	Bacteria
Massilia	Oxalobacteraceae	Burkholderiales	Betaproteobacteria	Proteobacteria	Bacteria
Massiliprevotella	Prevotellaceae	Bacteroidales	Bacteroidia	Bacteroidetes	Bacteria
Massilistercora		Clostridiales	Clostridia	Firmicutes	Bacteria
Mediterranea	Bacteroidaceae	Bacteroidales	Bacteroidia	Bacteroidetes	Bacteria
Mediterraneibacter	Lachnospiraceae	Clostridiales	Clostridia	Firmicutes	Bacteria
Megamonas	Selenomonadaceae	Selenomonadales	Negativicutes	Firmicutes	Bacteria
Megasphaera	Veillonellaceae	Veillonellales	Negativicutes	Firmicutes	Bacteria
Melghirimyces	Thermoactinomycetaceae	Bacillales	Bacilli	Firmicutes	Bacteria
Melioribacter	Melioribacteraceae	Ignavibacteriales	Ignavibacteria	Ignavibacteriae	Bacteria
Melittangium	Archangiaceae	Myxococcales	Deltaproteobacteria	Proteobacteria	Bacteria
Merdimonas	Lachnospiraceae	Clostridiales	Clostridia	Firmicutes	Bacteria
Mesobacillus	Bacillaceae	Bacillales	Bacilli	Firmicutes	Bacteria
Mesorhizobium	Phyllobacteriaceae	Rhizobiales	Alphaproteobacteria	Proteobacteria	Bacteria
Metabacillus	Bacillaceae	Bacillales	Bacilli	Firmicutes	Bacteria
Metakosakonia	Enterobacteriaceae	Enterobacterales	Gammaproteobacteria	Proteobacteria	Bacteria
Metallibacterium	Rhodanobacteraceae	Xanthomonadales	Gammaproteobacteria	Proteobacteria	Bacteria
Metaprevotella	Prevotellaceae	Bacteroidales	Bacteroidia	Bacteroidetes	Bacteria
Methylacidimicrobium				Verrucomicrobia	Bacteria
Methylibium		Burkholderiales	Betaproteobacteria	Proteobacteria	Bacteria
Methylobacillus	Methylophilaceae	Nitrosomonadales	Betaproteobacteria	Proteobacteria	Bacteria
Methylobacterium	Methylobacteriaceae	Rhizobiales	Alphaproteobacteria	Proteobacteria	Bacteria
Methyloceanibacter		Rhizobiales	Alphaproteobacteria	Proteobacteria	Bacteria
Methylocella	Beijerinckiaceae	Rhizobiales	Alphaproteobacteria	Proteobacteria	Bacteria
Methylococcus	Methylococcaceae	Methylococcales	Gammaproteobacteria	Proteobacteria	Bacteria
Methylocystis	Methylocystaceae	Rhizobiales	Alphaproteobacteria	Proteobacteria	Bacteria
Methylophilus	Methylophilaceae	Nitrosomonadales	Betaproteobacteria	Proteobacteria	Bacteria
Methylopila	Methylocystaceae	Rhizobiales	Alphaproteobacteria	Proteobacteria	Bacteria
Methylorubrum	Methylobacteriaceae	Rhizobiales	Alphaproteobacteria	Proteobacteria	Bacteria
Methylosarcina	Methylococcaceae	Methylococcales	Gammaproteobacteria	Proteobacteria	Bacteria
Methylosinus	Methylocystaceae	Rhizobiales	Alphaproteobacteria	Proteobacteria	Bacteria
Methylotenera	Methylophilaceae	Nitrosomonadales	Betaproteobacteria	Proteobacteria	Bacteria
Methyloversatilis	Sterolibacteriaceae	Nitrosomonadales	Betaproteobacteria	Proteobacteria	Bacteria
Methylovirgula	Beijerinckiaceae	Rhizobiales	Alphaproteobacteria	Proteobacteria	Bacteria
Methylovorus	Methylophilaceae	Nitrosomonadales	Betaproteobacteria	Proteobacteria	Bacteria
Micavibrio			Alphaproteobacteria	Proteobacteria	Bacteria
Microbacterium	Microbacteriaceae	Micrococcales	Actinobacteria	Actinobacteria	Bacteria
Microbulbifer	Microbulbiferaceae	Cellvibrionales	Gammaproteobacteria	Proteobacteria	Bacteria
Micrococcus	Micrococcaceae	Micrococcales	Actinobacteria	Actinobacteria	Bacteria
Microcoleus	Microcoleaceae	Oscillatoriales		Cyanobacteria	Bacteria
Microcystis	Microcystaceae	Chroococcales		Cyanobacteria	Bacteria
Microlunatus	Propionibacteriaceae	Propionibacteriales	Actinobacteria	Actinobacteria	Bacteria
Microvirga	Methylobacteriaceae	Rhizobiales	Alphaproteobacteria	Proteobacteria	Bacteria
Millionella	Rikenellaceae	Bacteroidales	Bacteroidia	Bacteroidetes	Bacteria
Minicystis		Myxococcales	Deltaproteobacteria	Proteobacteria	Bacteria
Miniimonas	Beutenbergiaceae	Micrococcales	Actinobacteria	Actinobacteria	Bacteria
Mitsuaria		Burkholderiales	Betaproteobacteria	Proteobacteria	Bacteria
Mitsuokella	Selenomonadaceae	Selenomonadales	Negativicutes	Firmicutes	Bacteria
Mixta	Erwiniaceae	Enterobacterales	Gammaproteobacteria	Proteobacteria	Bacteria
Mizugakiibacter	Rhodanobacteraceae	Xanthomonadales	Gammaproteobacteria	Proteobacteria	Bacteria
Mobilicoccus	Dermatophilaceae	Micrococcales	Actinobacteria	Actinobacteria	Bacteria
Mobilitalea	Lachnospiraceae	Clostridiales	Clostridia	Firmicutes	Bacteria
Mobiluncus	Actinomycetaceae	Actinomycetales	Actinobacteria	Actinobacteria	Bacteria
Modestobacter	Geodermatophilaceae	Geodermatophilales	Actinobacteria	Actinobacteria	Bacteria
Mogibacterium	Clostridiales Family XIII. Incertae Sedis	Clostridiales	Clostridia	Firmicutes	Bacteria
Moheibacter	Weeksellaceae	Flavobacteriales	Flavobacteriia	Bacteroidetes	Bacteria
Monoglobus		Clostridiales	Clostridia	Firmicutes	Bacteria
Moorea	Oscillatoriaceae	Oscillatoriales		Cyanobacteria	Bacteria
Moraxella	Moraxellaceae	Pseudomonadales	Gammaproteobacteria	Proteobacteria	Bacteria
Moryella	Lachnospiraceae	Clostridiales	Clostridia	Firmicutes	Bacteria
Motiliproteus	Oceanospirillaceae	Oceanospirillales	Gammaproteobacteria	Proteobacteria	Bacteria
Mucibacter	Chitinophagaceae	Chitinophagales	Chitinophagia	Bacteroidetes	Bacteria
Mucilaginibacter	Sphingobacteriaceae	Sphingobacteriales	Sphingobacteriia	Bacteroidetes	Bacteria
Mucinivorans	Rikenellaceae	Bacteroidales	Bacteroidia	Bacteroidetes	Bacteria
Murdochiella	Peptoniphilaceae	Tissierellales	Tissierellia	Firmicutes	Bacteria
Muribaculum	Muribaculaceae	Bacteroidales	Bacteroidia	Bacteroidetes	Bacteria
Murimonas	Lachnospiraceae	Clostridiales	Clostridia	Firmicutes	Bacteria
Mycetocola	Microbacteriaceae	Micrococcales	Actinobacteria	Actinobacteria	Bacteria
Mycoavidus	Burkholderiaceae	Burkholderiales	Betaproteobacteria	Proteobacteria	Bacteria
Mycoplana	Brucellaceae	Rhizobiales	Alphaproteobacteria	Proteobacteria	Bacteria
Mycoplasma	Mycoplasmataceae	Mycoplasmatales	Mollicutes	Tenericutes	Bacteria
Myxococcus	Myxococcaceae	Myxococcales	Deltaproteobacteria	Proteobacteria	Bacteria
Nakamurella	Nakamurellaceae	Nakamurellales	Actinobacteria	Actinobacteria	Bacteria
Nannocystis	Nannocystaceae	Myxococcales	Deltaproteobacteria	Proteobacteria	Bacteria
Natronoflexus	Marinilabiliaceae	Marinilabiliales	Bacteroidia	Bacteroidetes	Bacteria
Ndongobacter				Firmicutes	Bacteria
Negativibacillus	Ruminococcaceae	Clostridiales	Clostridia	Firmicutes	Bacteria
Negativicoccus	Veillonellaceae	Veillonellales	Negativicutes	Firmicutes	Bacteria
Neglecta	Ruminococcaceae	Clostridiales	Clostridia	Firmicutes	Bacteria
Neisseria	Neisseriaceae	Neisseriales	Betaproteobacteria	Proteobacteria	Bacteria
Nemorincola	Chitinophagaceae	Chitinophagales	Chitinophagia	Bacteroidetes	Bacteria
Neobacillus	Bacillaceae	Bacillales	Bacilli	Firmicutes	Bacteria
Neorhizobium	Rhizobiaceae	Rhizobiales	Alphaproteobacteria	Proteobacteria	Bacteria
Nesterenkonia	Micrococcaceae	Micrococcales	Actinobacteria	Actinobacteria	Bacteria
Nevskia	Sinobacteraceae	Nevskiales	Gammaproteobacteria	Proteobacteria	Bacteria
Niabella	Chitinophagaceae	Chitinophagales	Chitinophagia	Bacteroidetes	Bacteria
Niastella	Chitinophagaceae	Chitinophagales	Chitinophagia	Bacteroidetes	Bacteria
Nibricoccus	Opitutaceae	Opitutales	Opitutae	Verrucomicrobia	Bacteria
Nitratireductor	Phyllobacteriaceae	Rhizobiales	Alphaproteobacteria	Proteobacteria	Bacteria
Nitrincola	Oceanospirillaceae	Oceanospirillales	Gammaproteobacteria	Proteobacteria	Bacteria
Nitrobacter	Bradyrhizobiaceae	Rhizobiales	Alphaproteobacteria	Proteobacteria	Bacteria
Nitrolancea	Sphaerobacteraceae	Sphaerobacterales	Thermomicrobia	Chloroflexi	Bacteria
Nitrosomonas	Nitrosomonadaceae	Nitrosomonadales	Betaproteobacteria	Proteobacteria	Bacteria
Nitrosospira	Nitrosomonadaceae	Nitrosomonadales	Betaproteobacteria	Proteobacteria	Bacteria
Nitrospina	Nitrospinaceae	Nitrospinales	Nitrospinia	Nitrospinae	Bacteria
Nitrospira	Nitrospiraceae	Nitrospirales	Nitrospira	Nitrospirae	Bacteria
Nitrospirillum	Rhodospirillaceae	Rhodospirillales	Alphaproteobacteria	Proteobacteria	Bacteria
Nocardioides	Nocardioidaceae	Propionibacteriales	Actinobacteria	Actinobacteria	Bacteria
Nocardiopsis	Nocardiopsaceae	Streptosporangiales	Actinobacteria	Actinobacteria	Bacteria
Nonomuraea	Streptosporangiaceae	Streptosporangiales	Actinobacteria	Actinobacteria	Bacteria
Nordella		Rhizobiales	Alphaproteobacteria	Proteobacteria	Bacteria
Nosocomiicoccus	Staphylococcaceae	Bacillales	Bacilli	Firmicutes	Bacteria
Nostoc	Nostocaceae	Nostocales		Cyanobacteria	Bacteria
Notoacmeibacter	Notoacmeibacteraceae	Rhizobiales	Alphaproteobacteria	Proteobacteria	Bacteria
Novibacillus	Thermoactinomycetaceae	Bacillales	Bacilli	Firmicutes	Bacteria
Noviherbaspirillum	Oxalobacteraceae	Burkholderiales	Betaproteobacteria	Proteobacteria	Bacteria
Novispirillum	Rhodospirillaceae	Rhodospirillales	Alphaproteobacteria	Proteobacteria	Bacteria
Novosphingobium	Sphingomonadaceae	Sphingomonadales	Alphaproteobacteria	Proteobacteria	Bacteria
Occallatibacter	Acidobacteriaceae	Acidobacteriales	Acidobacteriia	Acidobacteria	Bacteria
Occidentia	Rickettsiaceae	Rickettsiales	Alphaproteobacteria	Proteobacteria	Bacteria
Oceanibacterium	Sneathiellaceae	Sneathiellales	Alphaproteobacteria	Proteobacteria	Bacteria
Oceanibaculum	Rhodospirillaceae	Rhodospirillales	Alphaproteobacteria	Proteobacteria	Bacteria
Oceanicella	Rhodobacteraceae	Rhodobacterales	Alphaproteobacteria	Proteobacteria	Bacteria
Oceanimonas	Aeromonadaceae	Aeromonadales	Gammaproteobacteria	Proteobacteria	Bacteria
Oceanisphaera	Aeromonadaceae	Aeromonadales	Gammaproteobacteria	Proteobacteria	Bacteria
Oceanobacillus	Bacillaceae	Bacillales	Bacilli	Firmicutes	Bacteria
Oceanospirillum	Oceanospirillaceae	Oceanospirillales	Gammaproteobacteria	Proteobacteria	Bacteria
Ochrobactrum	Brucellaceae	Rhizobiales	Alphaproteobacteria	Proteobacteria	Bacteria
Odoribacter	Odoribacteraceae	Bacteroidales	Bacteroidia	Bacteroidetes	Bacteria
Ohtaekwangia	Fulvivirgaceae	Cytophagales	Cytophagia	Bacteroidetes	Bacteria
Oleomonas	Acetobacteraceae	Rhodospirillales	Alphaproteobacteria	Proteobacteria	Bacteria
Oligoflexus	Oligoflexaceae	Oligoflexales	Oligoflexia	Proteobacteria	Bacteria
Oligosphaera	Oligosphaeraceae	Oligosphaerales	Oligosphaeria	Lentisphaerae	Bacteria
Oligotropha	Bradyrhizobiaceae	Rhizobiales	Alphaproteobacteria	Proteobacteria	Bacteria
Olivibacter	Sphingobacteriaceae	Sphingobacteriales	Sphingobacteriia	Bacteroidetes	Bacteria
Opitutus	Opitutaceae	Opitutales	Opitutae	Verrucomicrobia	Bacteria
Oribacterium	Lachnospiraceae	Clostridiales	Clostridia	Firmicutes	Bacteria
Orientia	Rickettsiaceae	Rickettsiales	Alphaproteobacteria	Proteobacteria	Bacteria
Ornithinibacillus	Bacillaceae	Bacillales	Bacilli	Firmicutes	Bacteria
Ornithinimicrobium	Intrasporangiaceae	Micrococcales	Actinobacteria	Actinobacteria	Bacteria
Oryzobacter	Intrasporangiaceae	Micrococcales	Actinobacteria	Actinobacteria	Bacteria
Oscillatoria	Oscillatoriaceae	Oscillatoriales		Cyanobacteria	Bacteria
Oscillibacter	Oscillospiraceae	Clostridiales	Clostridia	Firmicutes	Bacteria
Oscillochloris	Oscillochloridaceae	Chloroflexales	Chloroflexia	Chloroflexi	Bacteria
Ottowia	Comamonadaceae	Burkholderiales	Betaproteobacteria	Proteobacteria	Bacteria
Oxalicibacterium	Oxalobacteraceae	Burkholderiales	Betaproteobacteria	Proteobacteria	Bacteria
Oxalobacter	Oxalobacteraceae	Burkholderiales	Betaproteobacteria	Proteobacteria	Bacteria
Paenarthrobacter	Micrococcaceae	Micrococcales	Actinobacteria	Actinobacteria	Bacteria
Paenibacillus	Paenibacillaceae	Bacillales	Bacilli	Firmicutes	Bacteria
Paeniclostridium	Peptostreptococcaceae	Clostridiales	Clostridia	Firmicutes	Bacteria
Paenisporosarcina	Planococcaceae	Bacillales	Bacilli	Firmicutes	Bacteria
Paludibacter	Paludibacteraceae	Bacteroidales	Bacteroidia	Bacteroidetes	Bacteria
Paludibaculum	Bryobacteraceae	Bryobacterales	Acidobacteriia	Acidobacteria	Bacteria
Paludicola	Ruminococcaceae	Clostridiales	Clostridia	Firmicutes	Bacteria
Paludisphaera	Isosphaeraceae	Isosphaerales	Planctomycetia	Planctomycetes	Bacteria
Panacagrimonas	Sinobacteraceae	Nevskiales	Gammaproteobacteria	Proteobacteria	Bacteria
Panacibacter	Chitinophagaceae	Chitinophagales	Chitinophagia	Bacteroidetes	Bacteria
Pandoraea	Burkholderiaceae	Burkholderiales	Betaproteobacteria	Proteobacteria	Bacteria
Pantoea	Erwiniaceae	Enterobacterales	Gammaproteobacteria	Proteobacteria	Bacteria
Papillibacter	Ruminococcaceae	Clostridiales	Clostridia	Firmicutes	Bacteria
Parabacteroides	Tannerellaceae	Bacteroidales	Bacteroidia	Bacteroidetes	Bacteria
Paraburkholderia	Burkholderiaceae	Burkholderiales	Betaproteobacteria	Proteobacteria	Bacteria
Paraclostridium	Peptostreptococcaceae	Clostridiales	Clostridia	Firmicutes	Bacteria
Paracoccus	Rhodobacteraceae	Rhodobacterales	Alphaproteobacteria	Proteobacteria	Bacteria
Paracraurococcus	Acetobacteraceae	Rhodospirillales	Alphaproteobacteria	Proteobacteria	Bacteria
Paraflavitalea	Chitinophagaceae	Chitinophagales	Chitinophagia	Bacteroidetes	Bacteria
Paraprevotella	Prevotellaceae	Bacteroidales	Bacteroidia	Bacteroidetes	Bacteria
Pararheinheimera	Chromatiaceae	Chromatiales	Gammaproteobacteria	Proteobacteria	Bacteria
Parasegetibacter	Chitinophagaceae	Chitinophagales	Chitinophagia	Bacteroidetes	Bacteria
Parasutterella	Sutterellaceae	Burkholderiales	Betaproteobacteria	Proteobacteria	Bacteria
Parvimonas	Peptoniphilaceae	Tissierellales	Tissierellia	Firmicutes	Bacteria
Parviterribacter	Parviterribacteraceae	Solirubrobacterales	Thermoleophilia	Actinobacteria	Bacteria
Patulibacter	Patulibacteraceae	Solirubrobacterales	Thermoleophilia	Actinobacteria	Bacteria
Paucibacter		Burkholderiales	Betaproteobacteria	Proteobacteria	Bacteria
Paucimonas	Burkholderiaceae	Burkholderiales	Betaproteobacteria	Proteobacteria	Bacteria
Paucisalibacillus	Bacillaceae	Bacillales	Bacilli	Firmicutes	Bacteria
Pectobacterium	Pectobacteriaceae	Enterobacterales	Gammaproteobacteria	Proteobacteria	Bacteria
Pedobacter	Sphingobacteriaceae	Sphingobacteriales	Sphingobacteriia	Bacteroidetes	Bacteria
Pedomicrobium	Hyphomicrobiaceae	Rhizobiales	Alphaproteobacteria	Proteobacteria	Bacteria
Pelagibacterium	Hyphomicrobiaceae	Rhizobiales	Alphaproteobacteria	Proteobacteria	Bacteria
Pelobacter	Desulfuromonadaceae	Desulfuromonadales	Deltaproteobacteria	Proteobacteria	Bacteria
Pelolinea	Anaerolineaceae	Anaerolineales	Anaerolineae	Chloroflexi	Bacteria
Pelomonas	Comamonadaceae	Burkholderiales	Betaproteobacteria	Proteobacteria	Bacteria
Peptacetobacter	Peptostreptococcaceae	Clostridiales	Clostridia	Firmicutes	Bacteria
Peptoanaerobacter	Peptostreptococcaceae	Clostridiales	Clostridia	Firmicutes	Bacteria
Peptococcus	Peptococcaceae	Clostridiales	Clostridia	Firmicutes	Bacteria
Peptoniphilus	Peptoniphilaceae	Tissierellales	Tissierellia	Firmicutes	Bacteria
Peptostreptococcus	Peptostreptococcaceae	Clostridiales	Clostridia	Firmicutes	Bacteria
Peredibacter	Bacteriovoracaceae	Bacteriovoracales	Oligoflexia	Proteobacteria	Bacteria
Peribacillus	Bacillaceae	Bacillales	Bacilli	Firmicutes	Bacteria
Perlucidibaca	Moraxellaceae	Pseudomonadales	Gammaproteobacteria	Proteobacteria	Bacteria
Permianibacter	Pseudomonadaceae	Pseudomonadales	Gammaproteobacteria	Proteobacteria	Bacteria
Persicimonas	Bradymonadaceae	Bradymonadales	Deltaproteobacteria	Proteobacteria	Bacteria
Phaeodactylibacter	Haliscomenobacteraceae	Saprospirales	Saprospiria	Bacteroidetes	Bacteria
Phaeospirillum	Rhodospirillaceae	Rhodospirillales	Alphaproteobacteria	Proteobacteria	Bacteria
Phascolarctobacterium	Acidaminococcaceae	Acidaminococcales	Negativicutes	Firmicutes	Bacteria
Phaselicystis	Phaselicystidaceae	Myxococcales	Deltaproteobacteria	Proteobacteria	Bacteria
Phenylobacterium	Caulobacteraceae	Caulobacterales	Alphaproteobacteria	Proteobacteria	Bacteria
Phocaeicola		Bacteroidales	Bacteroidia	Bacteroidetes	Bacteria
Phocea	Ruminococcaceae	Clostridiales	Clostridia	Firmicutes	Bacteria
Phyllobacterium	Phyllobacteriaceae	Rhizobiales	Alphaproteobacteria	Proteobacteria	Bacteria
Pigmentiphaga	Alcaligenaceae	Burkholderiales	Betaproteobacteria	Proteobacteria	Bacteria
Pirellula	Pirellulaceae	Pirellulales	Planctomycetia	Planctomycetes	Bacteria
Piscinibacter		Burkholderiales	Betaproteobacteria	Proteobacteria	Bacteria
Pistricoccus	Halomonadaceae	Oceanospirillales	Gammaproteobacteria	Proteobacteria	Bacteria
Planctomyces	Planctomycetaceae	Planctomycetales	Planctomycetia	Planctomycetes	Bacteria
Planctopirus	Planctomycetaceae	Planctomycetales	Planctomycetia	Planctomycetes	Bacteria
Planococcus	Planococcaceae	Bacillales	Bacilli	Firmicutes	Bacteria
Planomicrobium	Planococcaceae	Bacillales	Bacilli	Firmicutes	Bacteria
Plantibacter	Microbacteriaceae	Micrococcales	Actinobacteria	Actinobacteria	Bacteria
Plasticicumulans	Candidatus Competibacteraceae		Gammaproteobacteria	Proteobacteria	Bacteria
Pleomorphomonas	Methylocystaceae	Rhizobiales	Alphaproteobacteria	Proteobacteria	Bacteria
Plesiocystis	Nannocystaceae	Myxococcales	Deltaproteobacteria	Proteobacteria	Bacteria
Plesiomonas		Enterobacterales	Gammaproteobacteria	Proteobacteria	Bacteria
Polaromonas	Comamonadaceae	Burkholderiales	Betaproteobacteria	Proteobacteria	Bacteria
Polyangium	Polyangiaceae	Myxococcales	Deltaproteobacteria	Proteobacteria	Bacteria
Pontibacter	Hymenobacteraceae	Cytophagales	Cytophagia	Bacteroidetes	Bacteria
Porphyrobacter	Erythrobacteraceae	Sphingomonadales	Alphaproteobacteria	Proteobacteria	Bacteria
Porphyromonas	Porphyromonadaceae	Bacteroidales	Bacteroidia	Bacteroidetes	Bacteria
Portibacter	Haliscomenobacteraceae	Saprospirales	Saprospiria	Bacteroidetes	Bacteria
Porticoccus	Porticoccaceae	Cellvibrionales	Gammaproteobacteria	Proteobacteria	Bacteria
Povalibacter	Steroidobacteraceae	Nevskiales	Gammaproteobacteria	Proteobacteria	Bacteria
Pradoshia	Bacillaceae	Bacillales	Bacilli	Firmicutes	Bacteria
Pragia	Budviciaceae	Enterobacterales	Gammaproteobacteria	Proteobacteria	Bacteria
Prevotella	Prevotellaceae	Bacteroidales	Bacteroidia	Bacteroidetes	Bacteria
Prevotellamassilia	Prevotellaceae	Bacteroidales	Bacteroidia	Bacteroidetes	Bacteria
Promicromonospora	Promicromonosporaceae	Micrococcales	Actinobacteria	Actinobacteria	Bacteria
Propionivibrio	Rhodocyclaceae	Rhodocyclales	Betaproteobacteria	Proteobacteria	Bacteria
Prosthecobacter	Verrucomicrobiaceae	Verrucomicrobiales	Verrucomicrobiae	Verrucomicrobia	Bacteria
Prosthecomicrobium	Hyphomicrobiaceae	Rhizobiales	Alphaproteobacteria	Proteobacteria	Bacteria
Proteiniclasticum	Clostridiaceae	Clostridiales	Clostridia	Firmicutes	Bacteria
Proteus	Morganellaceae	Enterobacterales	Gammaproteobacteria	Proteobacteria	Bacteria
Pseudanabaena	Pseudanabaenaceae	Synechococcales		Cyanobacteria	Bacteria
Pseudarcicella	Cytophagaceae	Cytophagales	Cytophagia	Bacteroidetes	Bacteria
Pseudarthrobacter	Micrococcaceae	Micrococcales	Actinobacteria	Actinobacteria	Bacteria
Pseudenhygromyxa	Nannocystaceae	Myxococcales	Deltaproteobacteria	Proteobacteria	Bacteria
Pseudescherichia	Enterobacteriaceae	Enterobacterales	Gammaproteobacteria	Proteobacteria	Bacteria
Pseudoalteromonas	Pseudoalteromonadaceae	Alteromonadales	Gammaproteobacteria	Proteobacteria	Bacteria
Pseudobacter	Chitinophagaceae	Chitinophagales	Chitinophagia	Bacteroidetes	Bacteria
Pseudobutyrivibrio	Lachnospiraceae	Clostridiales	Clostridia	Firmicutes	Bacteria
Pseudoclavibacter	Microbacteriaceae	Micrococcales	Actinobacteria	Actinobacteria	Bacteria
Pseudoclostridium	Hungateiclostridiaceae	Clostridiales	Clostridia	Firmicutes	Bacteria
Pseudoduganella	Oxalobacteraceae	Burkholderiales	Betaproteobacteria	Proteobacteria	Bacteria
Pseudoflavitalea	Chitinophagaceae	Chitinophagales	Chitinophagia	Bacteroidetes	Bacteria
Pseudoflavonifractor	Ruminococcaceae	Clostridiales	Clostridia	Firmicutes	Bacteria
Pseudofulvimonas	Rhodanobacteraceae	Xanthomonadales	Gammaproteobacteria	Proteobacteria	Bacteria
Pseudogemmobacter	Rhodobacteraceae	Rhodobacterales	Alphaproteobacteria	Proteobacteria	Bacteria
Pseudogracilibacillus	Bacillaceae	Bacillales	Bacilli	Firmicutes	Bacteria
Pseudohongiella			Gammaproteobacteria	Proteobacteria	Bacteria
Pseudolabrys	Xanthobacteraceae	Rhizobiales	Alphaproteobacteria	Proteobacteria	Bacteria
Pseudoleptotrichia	Leptotrichiaceae	Fusobacteriales	Fusobacteriia	Fusobacteria	Bacteria
Pseudomonas	Pseudomonadaceae	Pseudomonadales	Gammaproteobacteria	Proteobacteria	Bacteria
Pseudonocardia	Pseudonocardiaceae	Pseudonocardiales	Actinobacteria	Actinobacteria	Bacteria
Pseudorhodobacter	Rhodobacteraceae	Rhodobacterales	Alphaproteobacteria	Proteobacteria	Bacteria
Pseudorhodoferax	Comamonadaceae	Burkholderiales	Betaproteobacteria	Proteobacteria	Bacteria
Pseudorhodoplanes		Rhizobiales	Alphaproteobacteria	Proteobacteria	Bacteria
Pseudothermotoga	Thermotogaceae	Thermotogales	Thermotogae	Thermotogae	Bacteria
Pseudoxanthobacter	Xanthobacteraceae	Rhizobiales	Alphaproteobacteria	Proteobacteria	Bacteria
Pseudoxanthomonas	Xanthomonadaceae	Xanthomonadales	Gammaproteobacteria	Proteobacteria	Bacteria
Psychrobacillus	Bacillaceae	Bacillales	Bacilli	Firmicutes	Bacteria
Psychrobacter	Moraxellaceae	Pseudomonadales	Gammaproteobacteria	Proteobacteria	Bacteria
Psychroglaciecola	Methylobacteriaceae	Rhizobiales	Alphaproteobacteria	Proteobacteria	Bacteria
Puia	Chitinophagaceae	Chitinophagales	Chitinophagia	Bacteroidetes	Bacteria
Pusillimonas	Alcaligenaceae	Burkholderiales	Betaproteobacteria	Proteobacteria	Bacteria
Pyxidicoccus	Myxococcaceae	Myxococcales	Deltaproteobacteria	Proteobacteria	Bacteria
Qipengyuania	Erythrobacteraceae	Sphingomonadales	Alphaproteobacteria	Proteobacteria	Bacteria
Quisquiliibacterium	Burkholderiaceae	Burkholderiales	Betaproteobacteria	Proteobacteria	Bacteria
Racemicystis	Polyangiaceae	Myxococcales	Deltaproteobacteria	Proteobacteria	Bacteria
Rahnella	Yersiniaceae	Enterobacterales	Gammaproteobacteria	Proteobacteria	Bacteria
Ralstonia	Burkholderiaceae	Burkholderiales	Betaproteobacteria	Proteobacteria	Bacteria
Ramlibacter	Comamonadaceae	Burkholderiales	Betaproteobacteria	Proteobacteria	Bacteria
Raoultella	Enterobacteriaceae	Enterobacterales	Gammaproteobacteria	Proteobacteria	Bacteria
Rathayibacter	Microbacteriaceae	Micrococcales	Actinobacteria	Actinobacteria	Bacteria
Reyranella		Rhodospirillales	Alphaproteobacteria	Proteobacteria	Bacteria
Rheinheimera	Chromatiaceae	Chromatiales	Gammaproteobacteria	Proteobacteria	Bacteria
Rhizobacter		Burkholderiales	Betaproteobacteria	Proteobacteria	Bacteria
Rhizobium	Rhizobiaceae	Rhizobiales	Alphaproteobacteria	Proteobacteria	Bacteria
Rhizomicrobium	Micropepsaceae	Micropepsales	Alphaproteobacteria	Proteobacteria	Bacteria
Rhizorhabdus	Sphingomonadaceae	Sphingomonadales	Alphaproteobacteria	Proteobacteria	Bacteria
Rhizorhapis	Sphingomonadaceae	Sphingomonadales	Alphaproteobacteria	Proteobacteria	Bacteria
Rhodanobacter	Rhodanobacteraceae	Xanthomonadales	Gammaproteobacteria	Proteobacteria	Bacteria
Rhodobacter	Rhodobacteraceae	Rhodobacterales	Alphaproteobacteria	Proteobacteria	Bacteria
Rhodobium	Rhodobiaceae	Rhizobiales	Alphaproteobacteria	Proteobacteria	Bacteria
Rhodocyclus	Rhodocyclaceae	Rhodocyclales	Betaproteobacteria	Proteobacteria	Bacteria
Rhodocytophaga	Cytophagaceae	Cytophagales	Cytophagia	Bacteroidetes	Bacteria
Rhodoferax	Comamonadaceae	Burkholderiales	Betaproteobacteria	Proteobacteria	Bacteria
Rhodoligotrophos	Rhodobiaceae	Rhizobiales	Alphaproteobacteria	Proteobacteria	Bacteria
Rhodomicrobium	Hyphomicrobiaceae	Rhizobiales	Alphaproteobacteria	Proteobacteria	Bacteria
Rhodopila	Acetobacteraceae	Rhodospirillales	Alphaproteobacteria	Proteobacteria	Bacteria
Rhodoplanes	Hyphomicrobiaceae	Rhizobiales	Alphaproteobacteria	Proteobacteria	Bacteria
Rhodopseudomonas	Bradyrhizobiaceae	Rhizobiales	Alphaproteobacteria	Proteobacteria	Bacteria
Rickettsia	Rickettsiaceae	Rickettsiales	Alphaproteobacteria	Proteobacteria	Bacteria
Riemerella	Weeksellaceae	Flavobacteriales	Flavobacteriia	Bacteroidetes	Bacteria
Robbsia	Burkholderiaceae	Burkholderiales	Betaproteobacteria	Proteobacteria	Bacteria
Robinsoniella	Lachnospiraceae	Clostridiales	Clostridia	Firmicutes	Bacteria
Romboutsia	Peptostreptococcaceae	Clostridiales	Clostridia	Firmicutes	Bacteria
Roseateles		Burkholderiales	Betaproteobacteria	Proteobacteria	Bacteria
Roseburia	Lachnospiraceae	Clostridiales	Clostridia	Firmicutes	Bacteria
Roseiflexus	Roseiflexaceae	Chloroflexales	Chloroflexia	Chloroflexi	Bacteria
Roseimaritima	Pirellulaceae	Pirellulales	Planctomycetia	Planctomycetes	Bacteria
Roseimicrobium	Verrucomicrobiaceae	Verrucomicrobiales	Verrucomicrobiae	Verrucomicrobia	Bacteria
Roseisolibacter	Gemmatimonadaceae	Gemmatimonadales	Gemmatimonadetes	Gemmatimonadetes	Bacteria
Roseivirga	Roseivirgaceae	Cytophagales	Cytophagia	Bacteroidetes	Bacteria
Rosenbergiella	Enterobacteriaceae	Enterobacterales	Gammaproteobacteria	Proteobacteria	Bacteria
Roseomonas	Acetobacteraceae	Rhodospirillales	Alphaproteobacteria	Proteobacteria	Bacteria
Rothia	Micrococcaceae	Micrococcales	Actinobacteria	Actinobacteria	Bacteria
Rouxiella	Yersiniaceae	Enterobacterales	Gammaproteobacteria	Proteobacteria	Bacteria
Rubellimicrobium	Rhodobacteraceae	Rhodobacterales	Alphaproteobacteria	Proteobacteria	Bacteria
Rubrivivax		Burkholderiales	Betaproteobacteria	Proteobacteria	Bacteria
Rubrobacter	Rubrobacteraceae	Rubrobacterales	Rubrobacteria	Actinobacteria	Bacteria
Rufibacter	Hymenobacteraceae	Cytophagales	Cytophagia	Bacteroidetes	Bacteria
Rugamonas	Oxalobacteraceae	Burkholderiales	Betaproteobacteria	Proteobacteria	Bacteria
Ruminiclostridium	Hungateiclostridiaceae	Clostridiales	Clostridia	Firmicutes	Bacteria
Ruminobacter	Succinivibrionaceae	Aeromonadales	Gammaproteobacteria	Proteobacteria	Bacteria
Ruminococcus	Ruminococcaceae	Clostridiales	Clostridia	Firmicutes	Bacteria
Ruthenibacterium	Ruminococcaceae	Clostridiales	Clostridia	Firmicutes	Bacteria
Saccharibacillus	Paenibacillaceae	Bacillales	Bacilli	Firmicutes	Bacteria
Saccharofermentans	Hungateiclostridiaceae	Clostridiales	Clostridia	Firmicutes	Bacteria
Saccharothrix	Pseudonocardiaceae	Pseudonocardiales	Actinobacteria	Actinobacteria	Bacteria
Salinicoccus	Staphylococcaceae	Bacillales	Bacilli	Firmicutes	Bacteria
Salinicola	Halomonadaceae	Oceanospirillales	Gammaproteobacteria	Proteobacteria	Bacteria
Salinifilum	Pseudonocardiaceae	Pseudonocardiales	Actinobacteria	Actinobacteria	Bacteria
Salinimicrobium	Flavobacteriaceae	Flavobacteriales	Flavobacteriia	Bacteroidetes	Bacteria
Salinisphaera	Salinisphaeraceae	Salinisphaerales	Gammaproteobacteria	Proteobacteria	Bacteria
Salmonella	Enterobacteriaceae	Enterobacterales	Gammaproteobacteria	Proteobacteria	Bacteria
Sandaracinobacter	Sphingomonadaceae	Sphingomonadales	Alphaproteobacteria	Proteobacteria	Bacteria
Sandaracinus	Sandaracinaceae	Myxococcales	Deltaproteobacteria	Proteobacteria	Bacteria
Schaalia	Actinomycetaceae	Actinomycetales	Actinobacteria	Actinobacteria	Bacteria
Schlegelella	Comamonadaceae	Burkholderiales	Betaproteobacteria	Proteobacteria	Bacteria
Schlesneria	Planctomycetaceae	Planctomycetales	Planctomycetia	Planctomycetes	Bacteria
Schwartzia	Selenomonadaceae	Selenomonadales	Negativicutes	Firmicutes	Bacteria
Sedimentibacter			Tissierellia	Firmicutes	Bacteria
Sedimenticola			Gammaproteobacteria	Proteobacteria	Bacteria
Sediminibacterium	Chitinophagaceae	Chitinophagales	Chitinophagia	Bacteroidetes	Bacteria
Segetibacter	Chitinophagaceae	Chitinophagales	Chitinophagia	Bacteroidetes	Bacteria
Selenomonas	Selenomonadaceae	Selenomonadales	Negativicutes	Firmicutes	Bacteria
Serinicoccus	Intrasporangiaceae	Micrococcales	Actinobacteria	Actinobacteria	Bacteria
Serpentinomonas	Comamonadaceae	Burkholderiales	Betaproteobacteria	Proteobacteria	Bacteria
Serratia	Yersiniaceae	Enterobacterales	Gammaproteobacteria	Proteobacteria	Bacteria
Shewanella	Shewanellaceae	Alteromonadales	Gammaproteobacteria	Proteobacteria	Bacteria
Shigella	Enterobacteriaceae	Enterobacterales	Gammaproteobacteria	Proteobacteria	Bacteria
Shinella	Rhizobiaceae	Rhizobiales	Alphaproteobacteria	Proteobacteria	Bacteria
Shuttleworthia	Lachnospiraceae	Clostridiales	Clostridia	Firmicutes	Bacteria
Siccationidurans	Hymenobacteraceae	Cytophagales	Cytophagia	Bacteroidetes	Bacteria
Siccirubricoccus	Acetobacteraceae	Rhodospirillales	Alphaproteobacteria	Proteobacteria	Bacteria
Sideroxydans	Gallionellaceae	Nitrosomonadales	Betaproteobacteria	Proteobacteria	Bacteria
Silanimonas	Xanthomonadaceae	Xanthomonadales	Gammaproteobacteria	Proteobacteria	Bacteria
Simonsiella	Neisseriaceae	Neisseriales	Betaproteobacteria	Proteobacteria	Bacteria
Simplicispira	Comamonadaceae	Burkholderiales	Betaproteobacteria	Proteobacteria	Bacteria
Singulisphaera	Isosphaeraceae	Isosphaerales	Planctomycetia	Planctomycetes	Bacteria
Sinibacillus	Bacillaceae	Bacillales	Bacilli	Firmicutes	Bacteria
Sinimarinibacterium	Sinobacteraceae	Nevskiales	Gammaproteobacteria	Proteobacteria	Bacteria
Sinorhizobium	Rhizobiaceae	Rhizobiales	Alphaproteobacteria	Proteobacteria	Bacteria
Skermanella	Rhodospirillaceae	Rhodospirillales	Alphaproteobacteria	Proteobacteria	Bacteria
Sneathia	Leptotrichiaceae	Fusobacteriales	Fusobacteriia	Fusobacteria	Bacteria
Sneathiella	Sneathiellaceae	Sneathiellales	Alphaproteobacteria	Proteobacteria	Bacteria
Snodgrassella	Neisseriaceae	Neisseriales	Betaproteobacteria	Proteobacteria	Bacteria
Soehngenia	Tissierellaceae	Tissierellales	Tissierellia	Firmicutes	Bacteria
Solibacillus	Planococcaceae	Bacillales	Bacilli	Firmicutes	Bacteria
Solimonas	Sinobacteraceae	Nevskiales	Gammaproteobacteria	Proteobacteria	Bacteria
Solirubrobacter	Solirubrobacteraceae	Solirubrobacterales	Thermoleophilia	Actinobacteria	Bacteria
Solitalea	Sphingobacteriaceae	Sphingobacteriales	Sphingobacteriia	Bacteroidetes	Bacteria
Solobacterium	Erysipelotrichaceae	Erysipelotrichales	Erysipelotrichia	Firmicutes	Bacteria
Sorangium	Polyangiaceae	Myxococcales	Deltaproteobacteria	Proteobacteria	Bacteria
Sphaerobacter	Sphaerobacteraceae	Sphaerobacterales	Thermomicrobia	Chloroflexi	Bacteria
Sphingoaurantiacus	Sphingomonadaceae	Sphingomonadales	Alphaproteobacteria	Proteobacteria	Bacteria
Sphingobacterium	Sphingobacteriaceae	Sphingobacteriales	Sphingobacteriia	Bacteroidetes	Bacteria
Sphingobium	Sphingomonadaceae	Sphingomonadales	Alphaproteobacteria	Proteobacteria	Bacteria
Sphingomonas	Sphingomonadaceae	Sphingomonadales	Alphaproteobacteria	Proteobacteria	Bacteria
Sphingopyxis	Sphingomonadaceae	Sphingomonadales	Alphaproteobacteria	Proteobacteria	Bacteria
Sphingorhabdus	Sphingomonadaceae	Sphingomonadales	Alphaproteobacteria	Proteobacteria	Bacteria
Sphingosinicella	Sphingomonadaceae	Sphingomonadales	Alphaproteobacteria	Proteobacteria	Bacteria
Spiroplasma	Spiroplasmataceae	Entomoplasmatales	Mollicutes	Tenericutes	Bacteria
Spongiibacter	Spongiibacteraceae	Cellvibrionales	Gammaproteobacteria	Proteobacteria	Bacteria
Sporacetigenium	Peptostreptococcaceae	Clostridiales	Clostridia	Firmicutes	Bacteria
Sporanaerobacter	Tissierellaceae	Tissierellales	Tissierellia	Firmicutes	Bacteria
Sporichthya	Sporichthyaceae	Sporichthyales	Actinobacteria	Actinobacteria	Bacteria
Sporobacter	Ruminococcaceae	Clostridiales	Clostridia	Firmicutes	Bacteria
Sporocytophaga	Cytophagaceae	Cytophagales	Cytophagia	Bacteroidetes	Bacteria
Sporomusa	Sporomusaceae	Selenomonadales	Negativicutes	Firmicutes	Bacteria
Sporosarcina	Planococcaceae	Bacillales	Bacilli	Firmicutes	Bacteria
Stanieria	Dermocarpellaceae	Pleurocapsales		Cyanobacteria	Bacteria
Staphylococcus	Staphylococcaceae	Bacillales	Bacilli	Firmicutes	Bacteria
Starkeya	Xanthobacteraceae	Rhizobiales	Alphaproteobacteria	Proteobacteria	Bacteria
Stella	Acetobacteraceae	Rhodospirillales	Alphaproteobacteria	Proteobacteria	Bacteria
Stenotrophobacter	Blastocatellaceae	Blastocatellales	Blastocatellia	Acidobacteria	Bacteria
Stenotrophomonas	Xanthomonadaceae	Xanthomonadales	Gammaproteobacteria	Proteobacteria	Bacteria
Steroidobacter	Steroidobacteraceae	Nevskiales	Gammaproteobacteria	Proteobacteria	Bacteria
Stigmatella	Archangiaceae	Myxococcales	Deltaproteobacteria	Proteobacteria	Bacteria
Stomatobaculum	Lachnospiraceae	Clostridiales	Clostridia	Firmicutes	Bacteria
Streptobacillus	Leptotrichiaceae	Fusobacteriales	Fusobacteriia	Fusobacteria	Bacteria
Streptococcus	Streptococcaceae	Lactobacillales	Bacilli	Firmicutes	Bacteria
Streptomyces	Streptomycetaceae	Streptomycetales	Actinobacteria	Actinobacteria	Bacteria
Streptosporangium	Streptosporangiaceae	Streptosporangiales	Actinobacteria	Actinobacteria	Bacteria
Subdoligranulum	Ruminococcaceae	Clostridiales	Clostridia	Firmicutes	Bacteria
Succinatimonas	Succinivibrionaceae	Aeromonadales	Gammaproteobacteria	Proteobacteria	Bacteria
Succiniclasticum	Acidaminococcaceae	Acidaminococcales	Negativicutes	Firmicutes	Bacteria
Succinimonas	Succinivibrionaceae	Aeromonadales	Gammaproteobacteria	Proteobacteria	Bacteria
Succinivibrio	Succinivibrionaceae	Aeromonadales	Gammaproteobacteria	Proteobacteria	Bacteria
Suicoccus	Aerococcaceae	Lactobacillales	Bacilli	Firmicutes	Bacteria
Sulfuricaulis	Acidiferrobacteraceae	Acidiferrobacterales	Gammaproteobacteria	Proteobacteria	Bacteria
Sulfuricella	Sulfuricellaceae	Nitrosomonadales	Betaproteobacteria	Proteobacteria	Bacteria
Sulfuriferula	Sulfuricellaceae	Nitrosomonadales	Betaproteobacteria	Proteobacteria	Bacteria
Sulfuriflexus	Granulosicoccaceae	Chromatiales	Gammaproteobacteria	Proteobacteria	Bacteria
Sulfurisoma	Sterolibacteriaceae	Nitrosomonadales	Betaproteobacteria	Proteobacteria	Bacteria
Sulfuritalea	Sterolibacteriaceae	Nitrosomonadales	Betaproteobacteria	Proteobacteria	Bacteria
Sunxiuqinia	Prolixibacteraceae	Marinilabiliales	Bacteroidia	Bacteroidetes	Bacteria
Sutterella	Sutterellaceae	Burkholderiales	Betaproteobacteria	Proteobacteria	Bacteria
Synechococcus	Synechococcaceae	Synechococcales		Cyanobacteria	Bacteria
Syntrophococcus	Lachnospiraceae	Clostridiales	Clostridia	Firmicutes	Bacteria
Syntrophorhabdus	Syntrophorhabdaceae	Syntrophobacterales	Deltaproteobacteria	Proteobacteria	Bacteria
Syntrophus	Syntrophaceae	Syntrophobacterales	Deltaproteobacteria	Proteobacteria	Bacteria
Tabrizicola	Rhodobacteraceae	Rhodobacterales	Alphaproteobacteria	Proteobacteria	Bacteria
Tahibacter	Rhodanobacteraceae	Xanthomonadales	Gammaproteobacteria	Proteobacteria	Bacteria
Taibaiella	Chitinophagaceae	Chitinophagales	Chitinophagia	Bacteroidetes	Bacteria
Tannerella	Tannerellaceae	Bacteroidales	Bacteroidia	Bacteroidetes	Bacteria
Tardiphaga	Bradyrhizobiaceae	Rhizobiales	Alphaproteobacteria	Proteobacteria	Bacteria
Tatumella	Erwiniaceae	Enterobacterales	Gammaproteobacteria	Proteobacteria	Bacteria
Tellurimicrobium	Blastocatellaceae	Blastocatellales	Blastocatellia	Acidobacteria	Bacteria
Telmatocola	Gemmataceae	Gemmatales	Planctomycetia	Planctomycetes	Bacteria
Tepidibaculum	Ruminococcaceae	Clostridiales	Clostridia	Firmicutes	Bacteria
Tepidiforma	Tepidiformaceae	Tepidiformales	Tepidiformia	Chloroflexi	Bacteria
Tepidimicrobium	Tissierellaceae	Tissierellales	Tissierellia	Firmicutes	Bacteria
Tepidimonas		Burkholderiales	Betaproteobacteria	Proteobacteria	Bacteria
Tepidisphaera	Tepidisphaeraceae	Tepidisphaerales	Phycisphaerae	Planctomycetes	Bacteria
Terrabacter	Intrasporangiaceae	Micrococcales	Actinobacteria	Actinobacteria	Bacteria
Terriglobus	Acidobacteriaceae	Acidobacteriales	Acidobacteriia	Acidobacteria	Bacteria
Terrimicrobium	Terrimicrobiaceae	Terrimicrobiales	Terrimicrobia	Verrucomicrobia	Bacteria
Terrimonas	Chitinophagaceae	Chitinophagales	Chitinophagia	Bacteroidetes	Bacteria
Terrisporobacter	Peptostreptococcaceae	Clostridiales	Clostridia	Firmicutes	Bacteria
Tessaracoccus	Propionibacteriaceae	Propionibacteriales	Actinobacteria	Actinobacteria	Bacteria
Thauera	Zoogloeaceae	Rhodocyclales	Betaproteobacteria	Proteobacteria	Bacteria
Thermacetogenium	Thermoanaerobacteraceae	Thermoanaerobacterales	Clostridia	Firmicutes	Bacteria
Thermaerobacter	Clostridiales Family XVII. Incertae Sedis	Clostridiales	Clostridia	Firmicutes	Bacteria
Thermanaerothrix	Anaerolineaceae	Anaerolineales	Anaerolineae	Chloroflexi	Bacteria
Thermoanaerobaculum	Thermoanaerobaculaceae	Thermoanaerobaculales	Thermoanaerobaculia	Acidobacteria	Bacteria
Thermobaculum					Bacteria
Thermodesulforhabdus	Syntrophobacteraceae	Syntrophobacterales	Deltaproteobacteria	Proteobacteria	Bacteria
Thermodesulfovibrio	Nitrospiraceae	Nitrospirales	Nitrospira	Nitrospirae	Bacteria
Thermoflavifilum	Chitinophagaceae	Chitinophagales	Chitinophagia	Bacteroidetes	Bacteria
Thermogutta	Thermoguttaceae	Pirellulales	Planctomycetia	Planctomycetes	Bacteria
Thermomarinilinea	Anaerolineaceae	Anaerolineales	Anaerolineae	Chloroflexi	Bacteria
Thermomonas	Xanthomonadaceae	Xanthomonadales	Gammaproteobacteria	Proteobacteria	Bacteria
Thermostilla	Thermoguttaceae	Pirellulales	Planctomycetia	Planctomycetes	Bacteria
Thermotomaculum	Thermotomaculaceae	Thermotomaculales	Holophagae	Acidobacteria	Bacteria
Thioalkalivibrio	Ectothiorhodospiraceae	Chromatiales	Gammaproteobacteria	Proteobacteria	Bacteria
Thiobacillus	Thiobacillaceae	Nitrosomonadales	Betaproteobacteria	Proteobacteria	Bacteria
Thiobacter		Burkholderiales	Betaproteobacteria	Proteobacteria	Bacteria
Tidjanibacter	Rikenellaceae	Bacteroidales	Bacteroidia	Bacteroidetes	Bacteria
Timonella		Micrococcales	Actinobacteria	Actinobacteria	Bacteria
Tissierella	Tissierellaceae	Tissierellales	Tissierellia	Firmicutes	Bacteria
Tolumonas	Aeromonadaceae	Aeromonadales	Gammaproteobacteria	Proteobacteria	Bacteria
Treponema	Spirochaetaceae	Spirochaetales	Spirochaetia	Spirochaetes	Bacteria
Trichococcus	Carnobacteriaceae	Lactobacillales	Bacilli	Firmicutes	Bacteria
Trichocoleus	Trichocoleusaceae	Synechococcales		Cyanobacteria	Bacteria
Trichodesmium	Microcoleaceae	Oscillatoriales		Cyanobacteria	Bacteria
Trichormus	Nostocaceae	Nostocales		Cyanobacteria	Bacteria
Trinickia	Burkholderiaceae	Burkholderiales	Betaproteobacteria	Proteobacteria	Bacteria
Tropicihabitans	Cellulomonadaceae	Micrococcales	Actinobacteria	Actinobacteria	Bacteria
Truepera	Trueperaceae	Trueperales	Deinococci	Deinococcus-Thermus	Bacteria
Tumebacillus	Alicyclobacillaceae	Bacillales	Bacilli	Firmicutes	Bacteria
Tundrisphaera	Isosphaeraceae	Isosphaerales	Planctomycetia	Planctomycetes	Bacteria
Turicibacter	Erysipelotrichaceae	Erysipelotrichales	Erysipelotrichia	Firmicutes	Bacteria
Tuwongella	Gemmataceae	Gemmatales	Planctomycetia	Planctomycetes	Bacteria
Tychonema	Microcoleaceae	Oscillatoriales		Cyanobacteria	Bacteria
Tyzzerella	Lachnospiraceae	Clostridiales	Clostridia	Firmicutes	Bacteria
Uliginosibacterium	Zoogloeaceae	Rhodocyclales	Betaproteobacteria	Proteobacteria	Bacteria
Undibacterium	Oxalobacteraceae	Burkholderiales	Betaproteobacteria	Proteobacteria	Bacteria
Ureibacillus	Planococcaceae	Bacillales	Bacilli	Firmicutes	Bacteria
Urmitella	Tissierellaceae	Tissierellales	Tissierellia	Firmicutes	Bacteria
Uruburuella	Neisseriaceae	Neisseriales	Betaproteobacteria	Proteobacteria	Bacteria
Vagococcus	Enterococcaceae	Lactobacillales	Bacilli	Firmicutes	Bacteria
Vampirococcus					Bacteria
Vampirovibrio		Vampirovibrionales		Candidatus Melainabacteria	Bacteria
Variibacter	Bradyrhizobiaceae	Rhizobiales	Alphaproteobacteria	Proteobacteria	Bacteria
Variovorax	Comamonadaceae	Burkholderiales	Betaproteobacteria	Proteobacteria	Bacteria
Veillonella	Veillonellaceae	Veillonellales	Negativicutes	Firmicutes	Bacteria
Verrucomicrobium	Verrucomicrobiaceae	Verrucomicrobiales	Verrucomicrobiae	Verrucomicrobia	Bacteria
Vicinamibacter	Vicinamibacteraceae		Vicinamibacteria	Acidobacteria	Bacteria
Vicingus	Vicingaceae	Flavobacteriales	Flavobacteriia	Bacteroidetes	Bacteria
Victivallis	Victivallaceae	Victivallales	Lentisphaeria	Lentisphaerae	Bacteria
Virgibacillus	Bacillaceae	Bacillales	Bacilli	Firmicutes	Bacteria
Viridibacterium	Rhodocyclaceae	Rhodocyclales	Betaproteobacteria	Proteobacteria	Bacteria
Vitiosangium	Archangiaceae	Myxococcales	Deltaproteobacteria	Proteobacteria	Bacteria
Vulgatibacter	Vulgatibacteraceae	Myxococcales	Deltaproteobacteria	Proteobacteria	Bacteria
Weissella	Leuconostocaceae	Lactobacillales	Bacilli	Firmicutes	Bacteria
Wenzhouxiangella	Wenzhouxiangellaceae	Chromatiales	Gammaproteobacteria	Proteobacteria	Bacteria
Woeseia	Woeseiaceae	Chromatiales	Gammaproteobacteria	Proteobacteria	Bacteria
Xanthomonas	Xanthomonadaceae	Xanthomonadales	Gammaproteobacteria	Proteobacteria	Bacteria
Xenophilus	Comamonadaceae	Burkholderiales	Betaproteobacteria	Proteobacteria	Bacteria
Xylophilus		Burkholderiales	Betaproteobacteria	Proteobacteria	Bacteria
Yaniella	Micrococcaceae	Micrococcales	Actinobacteria	Actinobacteria	Bacteria
Yersinia	Yersiniaceae	Enterobacterales	Gammaproteobacteria	Proteobacteria	Bacteria
Youhaiella	Hyphomicrobiaceae	Rhizobiales	Alphaproteobacteria	Proteobacteria	Bacteria
Youngiibacter	Clostridiaceae	Clostridiales	Clostridia	Firmicutes	Bacteria
Zavarzinella	Gemmataceae	Gemmatales	Planctomycetia	Planctomycetes	Bacteria
Zhizhongheella	Comamonadaceae	Burkholderiales	Betaproteobacteria	Proteobacteria	Bacteria
Zoogloea	Zoogloeaceae	Rhodocyclales	Betaproteobacteria	Proteobacteria	Bacteria
	Sterolibacteriaceae	Nitrosomonadales	Betaproteobacteria	Proteobacteria	Bacteria
		Burkholderiales	Betaproteobacteria	Proteobacteria	Bacteria
		Planctomycetales	Planctomycetia	Planctomycetes	Bacteria
			Actinobacteria	Actinobacteria	Bacteria
			Betaproteobacteria	Proteobacteria	Bacteria
				Candidatus Saccharibacteria	Bacteria
				Planctomycetes	Bacteria
				Verrucomicrobia	Bacteria
					
			Phycisphaerae	Planctomycetes	Bacteria
	Caulobacteraceae	Caulobacterales	Alphaproteobacteria	Proteobacteria	Bacteria
	Sphingobacteriaceae	Sphingobacteriales	Sphingobacteriia	Bacteroidetes	Bacteria
		Silvanigrellales	Oligoflexia	Proteobacteria	Bacteria
	Neisseriaceae	Neisseriales	Betaproteobacteria	Proteobacteria	Bacteria
				Candidatus Gracilibacteria	Bacteria
	Peptococcaceae	Clostridiales	Clostridia	Firmicutes	Bacteria
	Ruminococcaceae	Clostridiales	Clostridia	Firmicutes	Bacteria
		Clostridiales	Clostridia	Firmicutes	Bacteria
		Pseudomonadales	Gammaproteobacteria	Proteobacteria	Bacteria
	Holosporaceae	Holosporales	Alphaproteobacteria	Proteobacteria	Bacteria
		Bradymonadales	Deltaproteobacteria	Proteobacteria	Bacteria
		Rickettsiales	Alphaproteobacteria	Proteobacteria	Bacteria
			Alphaproteobacteria	Proteobacteria	Bacteria
	Lachnospiraceae	Clostridiales	Clostridia	Firmicutes	Bacteria
		Bacteroidales	Bacteroidia	Bacteroidetes	Bacteria
	Peptostreptococcaceae	Clostridiales	Clostridia	Firmicutes	Bacteria
		Victivallales	Lentisphaeria	Lentisphaerae	Bacteria
	Clostridiales Family XIII. Incertae Sedis	Clostridiales	Clostridia	Firmicutes	Bacteria
	Flavobacteriaceae	Flavobacteriales	Flavobacteriia	Bacteroidetes	Bacteria
	Beijerinckiaceae	Rhizobiales	Alphaproteobacteria	Proteobacteria	Bacteria
	Tissierellaceae	Tissierellales	Tissierellia	Firmicutes	Bacteria
	Erysipelotrichaceae	Erysipelotrichales	Erysipelotrichia	Firmicutes	Bacteria
	Enterobacteriaceae	Enterobacterales	Gammaproteobacteria	Proteobacteria	Bacteria
