tax_id	abundance	species	genus	family	order	class	phylum	clade	superkingdom	subspecies	species subgroup	species group	estimated counts
1612172	0.04339424642559349	Vicinamibacter silvestris	Vicinamibacter	Vicinamibacteraceae		Vicinamibacteria	Acidobacteria		Bacteria				1046.1050985817822
1855912	0.010467862422955637	Luteitalea pratensis	Luteitalea	Vicinamibacteraceae		Vicinamibacteria	Acidobacteria		Bacteria				252.34875943019154
29542	0.0009008485045844048	Pelobacter acetylenicus	Pelobacter	Desulfuromonadaceae	Desulfuromonadales	Deltaproteobacteria	Proteobacteria		Bacteria				21.716754900016248
173480	0.00508275871538687	Gemmatimonas aurantiaca	Gemmatimonas	Gemmatimonadaceae	Gemmatimonadales	Gemmatimonadetes	Gemmatimonadetes	FCB group	Bacteria				122.53006435183127
1391653	0.0005133515613484408	Vulgatibacter incomptus	Vulgatibacter	Vulgatibacteraceae	Myxococcales	Deltaproteobacteria	Proteobacteria		Bacteria				12.375366089426862
19	0.001076713747933977	Pelobacter carbinolicus	Pelobacter	Desulfuromonadaceae	Desulfuromonadales	Deltaproteobacteria	Proteobacteria		Bacteria				25.956338321444385
447217	0.001235940417781505	Anaeromyxobacter sp. K	Anaeromyxobacter	Anaeromyxobacteraceae	Myxococcales	Deltaproteobacteria	Proteobacteria		Bacteria				29.79481565145874
161493	0.002505041446677053	Anaeromyxobacter dehalogenans	Anaeromyxobacter	Anaeromyxobacteraceae	Myxococcales	Deltaproteobacteria	Proteobacteria		Bacteria				60.38903415504372
1560324	0.0017975034173742907	Arenimicrobium luteum	Arenimicrobium	Pyrinomonadaceae	Blastocatellales	Blastocatellia	Acidobacteria		Bacteria				43.33241488264203
241425	0.03219294549661584	Crinalium epipsammum	Crinalium	Gomontiellaceae	Oscillatoriales		Cyanobacteria	Terrabacteria group	Bacteria				776.075337086918
2169540	0.0013646119988386547	Lysinibacillus sp. 2017	Lysinibacillus	Bacillaceae	Bacillales	Bacilli	Firmicutes	Terrabacteria group	Bacteria				32.89670145600345
42253	0.0008864963085406321	Nitrospira moscoviensis	Nitrospira	Nitrospiraceae	Nitrospirales	Nitrospira	Nitrospirae		Bacteria				21.370766509989018
1002691	0.003056245992857046	Occallatibacter savannae	Occallatibacter	Acidobacteriaceae	Acidobacteriales	Acidobacteriia	Acidobacteria		Bacteria				73.67692214980481
1715989	0.0005399798813500827	Candidatus Nitrospira inopinata	Nitrospira	Nitrospiraceae	Nitrospirales	Nitrospira	Nitrospirae		Bacteria				13.017294999706442
330214	0.0016578633714446685	Nitrospira defluvii	Nitrospira	Nitrospiraceae	Nitrospirales	Nitrospira	Nitrospirae		Bacteria				39.96611229541662
1052258	0.0038123489743516355	Arenimonas daechungensis	Arenimonas	Xanthomonadaceae	Xanthomonadales	Gammaproteobacteria	Proteobacteria		Bacteria				91.90429672469487
1736675	0.005512214553380486	Devosia sp. A16	Devosia	Hyphomicrobiaceae	Rhizobiales	Alphaproteobacteria	Proteobacteria		Bacteria				132.88295623834338
408174	0.002671925380480003	Devosia insulae	Devosia	Hyphomicrobiaceae	Rhizobiales	Alphaproteobacteria	Proteobacteria		Bacteria				64.41210514723143
1173082	0.0013151756176350102	Devosia submarina	Devosia	Hyphomicrobiaceae	Rhizobiales	Alphaproteobacteria	Proteobacteria		Bacteria				31.70493861432719
1892851	0.0032896197979369905	Flavitalea flava	Flavitalea	Chitinophagaceae	Chitinophagales	Chitinophagia	Bacteroidetes	FCB group	Bacteria				79.30286446886703
1823759	0.0012713404547344018	Desulfuromonas sp. DDH964	Desulfuromonas	Desulfuromonadaceae	Desulfuromonadales	Deltaproteobacteria	Proteobacteria		Bacteria				30.648204342282224
1114878	0.00186402548194252	Geobacter luticola	Geobacter	Geobacteraceae	Desulfuromonadales	Deltaproteobacteria	Proteobacteria		Bacteria				44.93606229318833
1196020	0.0021204955063963433	Mucilaginibacter puniceus	Mucilaginibacter	Sphingobacteriaceae	Sphingobacteriales	Sphingobacteriia	Bacteroidetes	FCB group	Bacteria				51.11878517269665
2303505	0.0027377940017422327	Psychrobacillus sp. AK 1817	Psychrobacillus	Bacillaceae	Bacillales	Bacilli	Firmicutes	Terrabacteria group	Bacteria				66.0
861299	0.012649405413034017	Gemmatirosa kalamazoonesis	Gemmatirosa	Gemmatimonadaceae	Gemmatimonadales	Gemmatimonadetes	Gemmatimonadetes	FCB group	Bacteria				304.93921629201105
1379270	0.00578336460745202	Gemmatimonas phototrophica	Gemmatimonas	Gemmatimonadaceae	Gemmatimonadales	Gemmatimonadetes	Gemmatimonadetes	FCB group	Bacteria				139.41957059184585
2014610	0.0028596210066835553	Roseisolibacter agri	Roseisolibacter	Gemmatimonadaceae	Gemmatimonadales	Gemmatimonadetes	Gemmatimonadetes	FCB group	Bacteria				68.93688360812047
643672	0.0007986713289252485	Singulisphaera rosea	Singulisphaera	Isosphaeraceae	Isosphaerales	Planctomycetia	Planctomycetes	PVC group	Bacteria				19.253569726400965
466153	0.0027760846520892995	Singulisphaera acidiphila	Singulisphaera	Isosphaeraceae	Isosphaerales	Planctomycetia	Planctomycetes	PVC group	Bacteria				66.92307270791675
1636152	0.002782203349322702	Planctomyces sp. SH-PL62	Planctomyces	Planctomycetaceae	Planctomycetales	Planctomycetia	Planctomycetes	PVC group	Bacteria				67.07057614212238
406548	0.0009303516076945136	Aquisphaera giovannonii	Aquisphaera	Isosphaeraceae	Isosphaerales	Planctomycetia	Planctomycetes	PVC group	Bacteria				22.42798620669164
35839	0.0029934517387924303	Holophaga foetida	Holophaga	Holophagaceae	Holophagales	Holophagae	Acidobacteria		Bacteria				72.16314106706912
44676	0.0033106849385943597	Geothrix fermentans	Geothrix	Holophagaceae	Holophagales	Holophagae	Acidobacteria		Bacteria				79.81068181469423
658062	0.0018960100920030528	Candidatus Koribacter versatilis	Candidatus Koribacter	Acidobacteriaceae	Acidobacteriales	Acidobacteriia	Acidobacteria		Bacteria				45.707115287917595
833	0.006268976746359391	Fibrobacter succinogenes	Fibrobacter	Fibrobacteraceae	Fibrobacterales	Fibrobacteria	Fibrobacteres	FCB group	Bacteria				151.12622242448583
1333996	0.0009496955149275939	Variibacter gotjawalensis	Variibacter	Bradyrhizobiaceae	Rhizobiales	Alphaproteobacteria	Proteobacteria		Bacteria				22.894309778359506
384	0.001042541369466941	Rhizobium leguminosarum	Rhizobium	Rhizobiaceae	Rhizobiales	Alphaproteobacteria	Proteobacteria		Bacteria				25.132544793739545
391953	0.006183731069636516	Aquincola tertiaricarbonis	Aquincola		Burkholderiales	Betaproteobacteria	Proteobacteria		Bacteria				149.07120489572748
392597	0.0011820049231653252	Piscinibacter aquaticus	Piscinibacter		Burkholderiales	Betaproteobacteria	Proteobacteria		Bacteria				28.494592682746493
1547922	0.0017551780167028976	Ideonella sakaiensis	Ideonella		Burkholderiales	Betaproteobacteria	Proteobacteria		Bacteria				42.312076448656754
28068	0.005299167041122681	Rubrivivax gelatinosus	Rubrivivax		Burkholderiales	Betaproteobacteria	Proteobacteria		Bacteria				127.74701986034448
1796922	0.0016571077291219608	Piscinibacter defluvii	Piscinibacter		Burkholderiales	Betaproteobacteria	Proteobacteria		Bacteria				39.94789602594311
47994	0.000584538830533635	Leptothrix mobilis	Leptothrix		Burkholderiales	Betaproteobacteria	Proteobacteria		Bacteria				14.09147758767434
2496871	0.00041844990881201847	Geomonas soli	'Geomonas' Khan et al. 2020	Comamonadaceae	Burkholderiales	Betaproteobacteria	Proteobacteria		Bacteria				10.087571951731329
413882	0.0035561747900625853	[Polyangium] brachysporum			Burkholderiales	Betaproteobacteria	Proteobacteria		Bacteria				85.72870566403874
946333	0.0024399991151204735	Rhizobacter gummiphilus	Rhizobacter		Burkholderiales	Betaproteobacteria	Proteobacteria		Bacteria				58.821058668209254
2082386	0.007107110297757242	Methylibium sp. Pch-M	Methylibium		Burkholderiales	Betaproteobacteria	Proteobacteria		Bacteria				171.33110794803383
864828	0.004528788102578461	Massilia umbonata	Massilia	Oxalobacteraceae	Burkholderiales	Betaproteobacteria	Proteobacteria		Bacteria				109.17549478885896
2072590	0.0032247398055573317	Massilia armeniaca	Massilia	Oxalobacteraceae	Burkholderiales	Betaproteobacteria	Proteobacteria		Bacteria				77.7388024925706
321983	0.0014918660677518997	Massilia albidiflava	Massilia	Oxalobacteraceae	Burkholderiales	Betaproteobacteria	Proteobacteria		Bacteria				35.96441529529505
1776165	0.0011492728042274067	Pseudoduganella eburnea	Pseudoduganella	Oxalobacteraceae	Burkholderiales	Betaproteobacteria	Proteobacteria		Bacteria				27.705519491510092
945844	0.0011671174025207514	Massilia oculi	Massilia	Oxalobacteraceae	Burkholderiales	Betaproteobacteria	Proteobacteria		Bacteria				28.135699222567755
1141883	0.000710813866261565	Massilia putida	Massilia	Oxalobacteraceae	Burkholderiales	Betaproteobacteria	Proteobacteria		Bacteria				17.135589873967547
363843	0.006953256838358815	Rhizobacter fulvus	Rhizobacter		Burkholderiales	Betaproteobacteria	Proteobacteria		Bacteria				167.62216260231597
1397	0.023889847969393238	Bacillus circulans	Bacillus	Bacillaceae	Bacillales	Bacilli	Firmicutes	Terrabacteria group	Bacteria				575.9125649981628
1737571	0.03735629472533383	Bacillus oryzisoli	Bacillus	Bacillaceae	Bacillales	Bacilli	Firmicutes	Terrabacteria group	Bacteria				900.5481969436227
859144	0.0004587282698725438	Cytobacillus gottheilii	Cytobacillus	Bacillaceae	Bacillales	Bacilli	Firmicutes	Terrabacteria group	Bacteria				11.058562401817413
94132	0.008735808529375742	Ramlibacter tataouinensis	Ramlibacter	Comamonadaceae	Burkholderiales	Betaproteobacteria	Proteobacteria		Bacteria				210.59413621766103
502333	0.004476870347548119	Ramlibacter ginsenosidimutans	Ramlibacter	Comamonadaceae	Burkholderiales	Betaproteobacteria	Proteobacteria		Bacteria				107.9239134683425
1836198	0.0025705379445553215	Variovorax ureilyticus	Variovorax	Comamonadaceae	Burkholderiales	Betaproteobacteria	Proteobacteria		Bacteria				61.96795822939514
1926872	0.0028281994849650976	Ramlibacter monticola	Ramlibacter	Comamonadaceae	Burkholderiales	Betaproteobacteria	Proteobacteria		Bacteria				68.1794049840536
367474	0.0031453396877767826	Caenimonas koreensis	Caenimonas	Comamonadaceae	Burkholderiales	Betaproteobacteria	Proteobacteria		Bacteria				75.8247038532349
34073	0.004075535021381905	Variovorax paradoxus	Variovorax	Comamonadaceae	Burkholderiales	Betaproteobacteria	Proteobacteria		Bacteria				98.24892276045358
1836200	0.0029505871124403584	Variovorax rhizosphaerae	Variovorax	Comamonadaceae	Burkholderiales	Betaproteobacteria	Proteobacteria		Bacteria				71.12980351959972
363844	0.0008567930269434898	Variovorax ginsengisoli	Variovorax	Comamonadaceae	Burkholderiales	Betaproteobacteria	Proteobacteria		Bacteria				20.654709500526707
1795631	0.00047528848261113067	Variovorax sp. PAMC 28711	Variovorax	Comamonadaceae	Burkholderiales	Betaproteobacteria	Proteobacteria		Bacteria				11.457779450306527
162028	0.023992293830015526	Haliangium tepidum	Haliangium	Kofleriaceae	Myxococcales	Deltaproteobacteria	Proteobacteria		Bacteria				578.3822273601843
80816	0.002473088621695689	Haliangium ochraceum	Haliangium	Kofleriaceae	Myxococcales	Deltaproteobacteria	Proteobacteria		Bacteria				59.618747403217974
674703	0.008541088801393492	Rhodoplanes sp. Z2-YC6860	Rhodoplanes	Hyphomicrobiaceae	Rhizobiales	Alphaproteobacteria	Proteobacteria		Bacteria				205.9000277351929
2045208	0.014045433417627201	Massilia violaceinigra	Massilia	Oxalobacteraceae	Burkholderiales	Betaproteobacteria	Proteobacteria		Bacteria				338.59326339873894
55508	0.005100633011943114	Janthinobacterium agaricidamnosum	Janthinobacterium	Oxalobacteraceae	Burkholderiales	Betaproteobacteria	Proteobacteria		Bacteria				122.96096001891266
1035707	0.004022000462364917	Massilia namucuonensis	Massilia	Oxalobacteraceae	Burkholderiales	Betaproteobacteria	Proteobacteria		Bacteria				96.95836514623105
75659	0.0009156143162432215	Duganella zoogloeoides	Duganella	Oxalobacteraceae	Burkholderiales	Betaproteobacteria	Proteobacteria		Bacteria				22.072714321675342
462367	0.002777990227109963	Flavisolibacter ginsengisoli	Flavisolibacter	Chitinophagaceae	Chitinophagales	Chitinophagia	Bacteroidetes	FCB group	Bacteria				66.96901040493988
661481	0.005101155597454442	Flavisolibacter ginsenosidimutans	Flavisolibacter	Chitinophagaceae	Chitinophagales	Chitinophagia	Bacteroidetes	FCB group	Bacteria				122.97355798783424
1492898	0.004288390266897713	Flavisolibacter tropicus	Flavisolibacter	Chitinophagaceae	Chitinophagales	Chitinophagia	Bacteroidetes	FCB group	Bacteria				103.38022416410315
1231	0.003130057270764061	Nitrosospira multiformis	Nitrosospira	Nitrosomonadaceae	Nitrosomonadales	Betaproteobacteria	Proteobacteria		Bacteria				75.45629062630921
1288494	0.001260823353972821	Nitrosospira lacus	Nitrosospira	Nitrosomonadaceae	Nitrosomonadales	Betaproteobacteria	Proteobacteria		Bacteria				30.394668594222797
391358	0.0009502392285926099	Caldimonas hydrothermale	Caldimonas	Comamonadaceae	Burkholderiales	Betaproteobacteria	Proteobacteria		Bacteria				22.907417083682045
215580	0.0009102340049972553	Schlegelella thermodepolymerans	Schlegelella	Comamonadaceae	Burkholderiales	Betaproteobacteria	Proteobacteria		Bacteria				21.943011158468835
279810	0.0015708508278981313	Thiobacter subterraneus	Thiobacter		Burkholderiales	Betaproteobacteria	Proteobacteria		Bacteria				37.86850090814025
1904640	0.015301844141433377	Betaproteobacteria bacterium GR16-43				Betaproteobacteria	Proteobacteria		Bacteria				368.8815567175344
1381557	0.00261822965890753	Sulfurisoma sediminicola	Sulfurisoma	Sterolibacteriaceae	Nitrosomonadales	Betaproteobacteria	Proteobacteria		Bacteria				63.11766238728382
424218	0.006098153369088058	Georgfuchsia toluolica	Georgfuchsia	Sterolibacteriaceae	Nitrosomonadales	Betaproteobacteria	Proteobacteria		Bacteria				147.00818326860582
748811	0.0035238056520330314	Sulfuritalea hydrogenivorans	Sulfuritalea	Sterolibacteriaceae	Nitrosomonadales	Betaproteobacteria	Proteobacteria		Bacteria				84.94838285356029
35799	0.0008315769920685554	Nitrosospira briensis	Nitrosospira	Nitrosomonadaceae	Nitrosomonadales	Betaproteobacteria	Proteobacteria		Bacteria				20.046826547796666
203699	0.0006658233426699622	Derxia gummosa	Derxia	Alcaligenaceae	Burkholderiales	Betaproteobacteria	Proteobacteria		Bacteria				16.05100332174478
386056	0.0009025959303184439	Paraburkholderia ferrariae	Paraburkholderia	Burkholderiaceae	Burkholderiales	Betaproteobacteria	Proteobacteria		Bacteria				21.758880092186725
304	0.005843559101611379	Pelomonas saccharophila	Pelomonas	Comamonadaceae	Burkholderiales	Betaproteobacteria	Proteobacteria		Bacteria				140.8706792625455
732238	0.004964940206868734	Povalibacter uvarum	Povalibacter	Steroidobacteraceae	Nevskiales	Gammaproteobacteria	Proteobacteria		Bacteria				119.68981356698457
465721	0.0016215137472769465	Steroidobacter denitrificans	Steroidobacter	Steroidobacteraceae	Nevskiales	Gammaproteobacteria	Proteobacteria		Bacteria				39.08983190560535
1380048	0.0009540822272543481	Ferruginibacter profundus	Ferruginibacter	Chitinophagaceae	Chitinophagales	Chitinophagia	Bacteroidetes	FCB group	Bacteria				23.00006025242057
1310417	0.004832175266410258	Ferruginibacter paludis	Ferruginibacter	Chitinophagaceae	Chitinophagales	Chitinophagia	Bacteroidetes	FCB group	Bacteria				116.48924914735208
563170	0.003564077271396077	Ferruginibacter alkalilentus	Ferruginibacter	Chitinophagaceae	Chitinophagales	Chitinophagia	Bacteroidetes	FCB group	Bacteria				85.91921078154523
311182	0.0032008754332566356	Denitratisoma oestradiolicum	Denitratisoma	Sterolibacteriaceae	Nitrosomonadales	Betaproteobacteria	Proteobacteria		Bacteria				77.16350406951771
1465823	0.0030460465662276925	Noviherbaspirillum massiliense	Noviherbaspirillum	Oxalobacteraceae	Burkholderiales	Betaproteobacteria	Proteobacteria		Bacteria				73.43104457205098
1854499	0.0019272129462632095	Noviherbaspirillum agri	Noviherbaspirillum	Oxalobacteraceae	Burkholderiales	Betaproteobacteria	Proteobacteria		Bacteria				46.45932249556719
311230	0.0010335118670434162	Paraburkholderia terrae	Paraburkholderia	Burkholderiaceae	Burkholderiales	Betaproteobacteria	Proteobacteria		Bacteria				24.914870578815634
169430	0.001805977499151761	Paraburkholderia hospita	Paraburkholderia	Burkholderiaceae	Burkholderiales	Betaproteobacteria	Proteobacteria		Bacteria				43.5366995720515
1302352	0.0008460454259270296	Mucilaginibacter calamicampi	Mucilaginibacter	Sphingobacteriaceae	Sphingobacteriales	Sphingobacteriia	Bacteroidetes	FCB group	Bacteria				20.395617082822902
862126	0.0015998389955834322	Mucilaginibacter ginsenosidivorax	Mucilaginibacter	Sphingobacteriaceae	Sphingobacteriales	Sphingobacteriia	Bacteroidetes	FCB group	Bacteria				38.5673186665298
1619310	0.005602928394552512	Paenibacillus marchantiophytorum	Paenibacillus	Paenibacillaceae	Bacillales	Bacilli	Firmicutes	Terrabacteria group	Bacteria				135.06979480747742
59839	0.0015194495161679675	Paenibacillus alginolyticus	Paenibacillus	Paenibacillaceae	Bacillales	Bacilli	Firmicutes	Terrabacteria group	Bacteria				36.62936948626119
1143711	0.000605300919992547	Paenibacillus frigoriresistens	Paenibacillus	Paenibacillaceae	Bacillales	Bacilli	Firmicutes	Terrabacteria group	Bacteria				14.59198927826033
1765737	0.0012022378590252432	Dissulfurirhabdus thermomarina	Dissulfurirhabdus	Dissulfurirhabdaceae		Deltaproteobacteria	Proteobacteria		Bacteria				28.98234806752154
395961	0.0034241176962462173	Cyanothece sp. PCC 7425	Cyanothece	Cyanothecaceae	Oscillatoriales		Cyanobacteria	Terrabacteria group	Bacteria				82.54520530340756
47495	0.0029628569398577552	Pedomicrobium americanum	Pedomicrobium	Hyphomicrobiaceae	Rhizobiales	Alphaproteobacteria	Proteobacteria		Bacteria				71.42559224915091
47498	0.0013680637118576738	Pedomicrobium manganicum	Pedomicrobium	Hyphomicrobiaceae	Rhizobiales	Alphaproteobacteria	Proteobacteria		Bacteria				32.97991190175294
86668	0.007042838129483922	Neobacillus niacini	Neobacillus	Bacillaceae	Bacillales	Bacilli	Firmicutes	Terrabacteria group	Bacteria				169.7816987874689
486398	0.0037091738172768903	Bacillus sp. S3	Bacillus	Bacillaceae	Bacillales	Bacilli	Firmicutes	Terrabacteria group	Bacteria				89.417053213094
1193713	0.001055304387338383	Neobacillus mesonae	Neobacillus	Bacillaceae	Bacillales	Bacilli	Firmicutes	Terrabacteria group	Bacteria				25.440222865566398
666686	0.001181800803574084	Bacillus sp. 1NLA3E	Bacillus	Bacillaceae	Bacillales	Bacilli	Firmicutes	Terrabacteria group	Bacteria				28.489671971760444
1656888	0.000557654943271708	Flavisolibacter aluminii	Flavisolibacter	Chitinophagaceae	Chitinophagales	Chitinophagia	Bacteroidetes	FCB group	Bacteria				13.443387717451065
796007	0.0005118554162057467	Massilia tieshanensis	Massilia	Oxalobacteraceae	Burkholderiales	Betaproteobacteria	Proteobacteria		Bacteria				12.339298518471935
1886785	0.00129963839269289	Massilia agri	Massilia	Oxalobacteraceae	Burkholderiales	Betaproteobacteria	Proteobacteria		Bacteria				31.3303827326475
1002689	0.0008738916449237943	Occallatibacter riparius	Occallatibacter	Acidobacteriaceae	Acidobacteriales	Acidobacteriia	Acidobacteria		Bacteria				21.06690588417791
1615681	0.004284918906171297	Acidicapsa acidisoli	Acidicapsa	Acidobacteriaceae	Acidobacteriales	Acidobacteriia	Acidobacteria		Bacteria				103.29654007107146
388466	0.0023437135346766635	Edaphobacter modestus	Edaphobacter	Acidobacteriaceae	Acidobacteriales	Acidobacteriia	Acidobacteria		Bacteria				56.49990218045033
1631247	0.0009599673786404078	Mesorhizobium delmotii	Mesorhizobium	Phyllobacteriaceae	Rhizobiales	Alphaproteobacteria	Proteobacteria		Bacteria				23.14193359688431
2493668	0.0006434152851141411	Mesorhizobium sp. M9A.F.Ca.ET.002.03.1.2	Mesorhizobium	Phyllobacteriaceae	Rhizobiales	Alphaproteobacteria	Proteobacteria		Bacteria				15.5108122782466
381	0.0008555109082769756	Mesorhizobium loti	Mesorhizobium	Phyllobacteriaceae	Rhizobiales	Alphaproteobacteria	Proteobacteria		Bacteria				20.62380146583305
71433	0.002079283710387128	Mesorhizobium amorphae	Mesorhizobium	Phyllobacteriaceae	Rhizobiales	Alphaproteobacteria	Proteobacteria		Bacteria				50.12529240630249
676517	0.0009540797278802287	Diplorickettsia massiliensis	Diplorickettsia	Coxiellaceae	Legionellales	Gammaproteobacteria	Proteobacteria		Bacteria				23.000000000008672
254247	0.000995561455178634	Aquicella siphonis	Aquicella	Coxiellaceae	Legionellales	Gammaproteobacteria	Proteobacteria		Bacteria				23.99999999999133
1682650	0.0004916140027177282	Microvirga pakistanensis	Microvirga	Methylobacteriaceae	Rhizobiales	Alphaproteobacteria	Proteobacteria		Bacteria				11.851338763516274
186651	0.0010923224967513414	Microvirga subterranea	Microvirga	Methylobacteriaceae	Rhizobiales	Alphaproteobacteria	Proteobacteria		Bacteria				26.33261842918459
2580413	0.0013142047471163202	Microvirga brassicacearum	Microvirga	Methylobacteriaceae	Rhizobiales	Alphaproteobacteria	Proteobacteria		Bacteria				31.68153383873313
1882682	0.005481296255613876	Microvirga ossetica	Microvirga	Methylobacteriaceae	Rhizobiales	Alphaproteobacteria	Proteobacteria		Bacteria				132.1376088340837
1408281	0.000622225909486871	Endomicrobium proavitum	Endomicrobium	Endomicrobiaceae	Endomicrobiales	Endomicrobia	Elusimicrobia		Bacteria				15.0
1436998	0.0007713690383676951	Nitrospira lenta	Nitrospira	Nitrospiraceae	Nitrospirales	Nitrospira	Nitrospirae		Bacteria				18.595393407930025
1155739	0.001153662949234036	Moorea producens	Moorea	Oscillatoriaceae	Oscillatoriales		Cyanobacteria	Terrabacteria group	Bacteria				27.811352717184906
32054	0.0005362813497375313	Calothrix parietina	Calothrix	Calotrichaceae	Nostocales		Cyanobacteria	Terrabacteria group	Bacteria				12.928134498122667
2527975	0.001265250587612878	Planctomycetes bacterium Pan216					Planctomycetes	PVC group	Bacteria				30.50139591558365
334736	0.004840026485544716	Sporosarcina soli	Sporosarcina	Planococcaceae	Bacillales	Bacilli	Firmicutes	Terrabacteria group	Bacteria				116.67851848702648
98228	0.0005180000083797685	Bacillus sp. OxB-1	Bacillus	Bacillaceae	Bacillales	Bacilli	Firmicutes	Terrabacteria group	Bacteria				12.48742620201108
582850	0.000739787419076713	Sporosarcina luteola	Sporosarcina	Planococcaceae	Bacillales	Bacilli	Firmicutes	Terrabacteria group	Bacteria				17.83405531168232
352858	0.004739759395825836	Bacillus sp. Y1	Bacillus	Bacillaceae	Bacillales	Bacilli	Firmicutes	Terrabacteria group	Bacteria				114.26137975517344
1532023	0.001491182994749509	Qipengyuania sediminis	Qipengyuania	Erythrobacteraceae	Sphingomonadales	Alphaproteobacteria	Proteobacteria		Bacteria				35.94794845442642
786	0.0016769194167673203	Rickettsia akari	Rickettsia	Rickettsiaceae	Rickettsiales	Alphaproteobacteria	Proteobacteria		Bacteria			spotted fever group	40.42549638000979
33989	0.001867057152478693	Rickettsia amblyommatis	Rickettsia	Rickettsiaceae	Rickettsiales	Alphaproteobacteria	Proteobacteria		Bacteria			spotted fever group	45.00914677480385
2527982	0.0016630150294958167	Planctomycetes bacterium Pan265					Planctomycetes	PVC group	Bacteria				40.09030331605565
392409	0.0011707245299398172	Sphingomonas jaspsi	Sphingomonas	Sphingomonadaceae	Sphingomonadales	Alphaproteobacteria	Proteobacteria		Bacteria				28.222656243259173
2594473	0.001986136547569932	Sphingomonas sp. AE3	Sphingomonas	Sphingomonadaceae	Sphingomonadales	Alphaproteobacteria	Proteobacteria		Bacteria				47.87979375226835
363835	0.0005519806531765383	Sphingomonas ginsengisoli An et al. 2013	Sphingomonas	Sphingomonadaceae	Sphingomonadales	Alphaproteobacteria	Proteobacteria		Bacteria				13.30659760612681
2528023	0.008534201994193266	Planctomycetes bacterium ETA_A1					Planctomycetes	PVC group	Bacteria				205.73400747401706
1630693	0.0086325140006381	Gemmata sp. SH-PL17	Gemmata	Gemmataceae	Gemmatales	Planctomycetia	Planctomycetes	PVC group	Bacteria				208.10401501338268
1210884	0.0005976082852768073	Gemmata massiliana	Gemmata	Gemmataceae	Gemmatales	Planctomycetia	Planctomycetes	PVC group	Bacteria				14.406542933167993
2598579	0.0025701667592070375	Limnoglobus roseus	Limnoglobus	Gemmataceae	Gemmatales	Planctomycetia	Planctomycetes	PVC group	Bacteria				61.95901006420405
2024524	0.009423853148406748	Terrimonas soli	Terrimonas	Chitinophagaceae	Chitinophagales	Chitinophagia	Bacteroidetes	FCB group	Bacteria				227.18082784864148
2315862	0.0035516697626981454	Paraflavitalea soli	Paraflavitalea	Chitinophagaceae	Chitinophagales	Chitinophagia	Bacteroidetes	FCB group	Bacteria				85.6201029693642
2716883	0.0006117032383299251	Flavihumibacter profundi	Flavihumibacter	Chitinophagaceae	Chitinophagales	Chitinophagia	Bacteroidetes	FCB group	Bacteria				14.746329966419506
1864941	0.004670742410893402	Terrimonas terrae	Terrimonas	Chitinophagaceae	Chitinophagales	Chitinophagia	Bacteroidetes	FCB group	Bacteria				112.59758729940724
1884793	0.0007766299679300434	Pseudoflavitalea rhizosphaerae	Pseudoflavitalea	Chitinophagaceae	Chitinophagales	Chitinophagia	Bacteroidetes	FCB group	Bacteria				18.722218636889558
1002870	0.004438544821006347	Gaiella occulta	Gaiella	Gaiellaceae	Gaiellales	Rubrobacteria	Actinobacteria	Terrabacteria group	Bacteria				107.00000000000001
380628	0.00455243189661966	Lysobacter niabensis	Lysobacter	Xanthomonadaceae	Xanthomonadales	Gammaproteobacteria	Proteobacteria		Bacteria				109.74547573181013
1768242	0.0007520387065423029	Paucibacter sp. KCTC 42545	Paucibacter		Burkholderiales	Betaproteobacteria	Proteobacteria		Bacteria				18.129397098615296
114	0.002299326754927499	Gemmata obscuriglobus	Gemmata	Gemmataceae	Gemmatales	Planctomycetia	Planctomycetes	PVC group	Bacteria				55.429870081037215
2497863	0.0004922643429401479	Janthinobacterium sp. 17J80-10	Janthinobacterium	Oxalobacteraceae	Burkholderiales	Betaproteobacteria	Proteobacteria		Bacteria				11.867016515258145
1173025	0.0018717505427189762	Geitlerinema sp. PCC 7407	Geitlerinema	Coleofasciculaceae	Oscillatoriales		Cyanobacteria	Terrabacteria group	Bacteria				45.12229033332636
2048654	0.001142278761839032	Solibacillus sp. R5-41	Solibacillus	Planococcaceae	Bacillales	Bacilli	Firmicutes	Terrabacteria group	Bacteria				27.536914111653545
76853	0.0007876022251593013	Solibacillus silvestris	Solibacillus	Planococcaceae	Bacillales	Bacilli	Firmicutes	Terrabacteria group	Bacteria				18.986726841915278
1639882	0.009086528078267056	Longimicrobium terrae	Longimicrobium	Longimicrobiaceae	Longimicrobiales	Longimicrobia	Gemmatimonadetes	FCB group	Bacteria				219.04893238278393
107709	0.0031656382001662878	Opitutus terrae	Opitutus	Opitutaceae	Opitutales	Opitutae	Verrucomicrobia	PVC group	Bacteria				76.3140400914087
2576891	0.0008164369107785859	Nibricoccus aquaticus	Nibricoccus	Opitutaceae	Opitutales	Opitutae	Verrucomicrobia	PVC group	Bacteria				19.68184460813937
225194	0.0008177192496226217	Geobacter bemidjiensis	Geobacter	Geobacteraceae	Desulfuromonadales	Deltaproteobacteria	Proteobacteria		Bacteria				19.71275795065254
2358	0.0012884200753576682	Desulfomonile tiedjei	Desulfomonile	Syntrophaceae	Syntrophobacterales	Deltaproteobacteria	Proteobacteria		Bacteria				31.059942756647306
1052257	0.0007904862368185753	Aquihabitans daechungensis	Aquihabitans	Iamiaceae	Acidimicrobiales	Acidimicrobiia	Actinobacteria	Terrabacteria group	Bacteria				19.056251710985396
2578114	0.001229623966091204	Bradyrhizobium sp. KBS0727	Bradyrhizobium	Bradyrhizobiaceae	Rhizobiales	Alphaproteobacteria	Proteobacteria		Bacteria				29.642544950560655
2578113	0.0012313758299877073	Bradyrhizobium sp. KBS0725	Bradyrhizobium	Bradyrhizobiaceae	Rhizobiales	Alphaproteobacteria	Proteobacteria		Bacteria				29.68477713351366
190148	0.001941936946330981	Bradyrhizobium paxllaeri	Bradyrhizobium	Bradyrhizobiaceae	Rhizobiales	Alphaproteobacteria	Proteobacteria		Bacteria				46.81427396520096
1274631	0.0019022857858006707	Bradyrhizobium icense	Bradyrhizobium	Bradyrhizobiaceae	Rhizobiales	Alphaproteobacteria	Proteobacteria		Bacteria				45.85840343829677
28049	0.00153482391007236	Acidothermus cellulolyticus	Acidothermus	Acidothermaceae	Acidothermales	Actinobacteria	Actinobacteria	Terrabacteria group	Bacteria				37.00000000011438
650093	0.001078524909781815	Paenisporosarcina indica	Paenisporosarcina	Planococcaceae	Bacillales	Bacilli	Firmicutes	Terrabacteria group	Bacteria				26.000000000110212
351604	0.0008693404338721301	Geobacter uraniireducens	Geobacter	Geobacteraceae	Desulfuromonadales	Deltaproteobacteria	Proteobacteria		Bacteria				20.95718983935544
1229656	0.008420790641722322	Acidibacter ferrireducens	Acidibacter			Gammaproteobacteria	Proteobacteria		Bacteria				203.00000000000003
453783	0.0016376456281329713	Lysobacter soli	Lysobacter	Xanthomonadaceae	Xanthomonadales	Gammaproteobacteria	Proteobacteria		Bacteria				39.47872315740154
380629	0.0015119076087354516	Lysobacter niastensis	Lysobacter	Xanthomonadaceae	Xanthomonadales	Gammaproteobacteria	Proteobacteria		Bacteria				36.44755672378553
1469502	0.00584271133763836	Burkholderiales bacterium GJ-E10			Burkholderiales	Betaproteobacteria	Proteobacteria		Bacteria				140.85024221644795
1703345	0.0030447621099346034	Niastella vici	Niastella	Chitinophagaceae	Chitinophagales	Chitinophagia	Bacteroidetes	FCB group	Bacteria				73.40008018419348
1541	0.0012858258452419996	Terrisporobacter mayombei	Terrisporobacter	Peptostreptococcaceae	Clostridiales	Clostridia	Firmicutes	Terrabacteria group	Bacteria				30.997403651248884
1776391	0.0013690047019019834	Romboutsia timonensis	Romboutsia	Peptostreptococcaceae	Clostridiales	Clostridia	Firmicutes	Terrabacteria group	Bacteria				33.00259634875111
2211140	0.0011619097678734413	Acidisarcina polymorpha	Acidisarcina	Acidobacteriaceae	Acidobacteriales	Acidobacteriia	Acidobacteria		Bacteria				28.01015877412505
762261	0.00148574342624413	Altererythrobacter xinjiangensis	Altererythrobacter	Erythrobacteraceae	Sphingomonadales	Alphaproteobacteria	Proteobacteria		Bacteria				35.81681677646724
2060312	0.0008027755012444767	Altererythrobacter sp. B11	Altererythrobacter	Erythrobacteraceae	Sphingomonadales	Alphaproteobacteria	Proteobacteria		Bacteria				19.3525090085006
692370	0.0009055765821564629	Altererythrobacter dongtanensis	Altererythrobacter	Erythrobacteraceae	Sphingomonadales	Alphaproteobacteria	Proteobacteria		Bacteria				21.83073466604585
630520	0.0050315135883036745	Paenibacillus prosopidis	Paenibacillus	Paenibacillaceae	Bacillales	Bacilli	Firmicutes	Terrabacteria group	Bacteria				121.29469807323667
1294268	0.0008018546681297921	Paenibacillus endophyticus	Paenibacillus	Paenibacillaceae	Bacillales	Bacilli	Firmicutes	Terrabacteria group	Bacteria				19.330310484604897
324057	0.0020179509811676277	Paenibacillus sp. JDR-2	Paenibacillus	Paenibacillaceae	Bacillales	Bacilli	Firmicutes	Terrabacteria group	Bacteria				48.646744303008
685828	0.0014933421827684904	Armatimonas rosea	Armatimonas	Armatimonadaceae	Armatimonadales	Armatimonadia	Armatimonadetes	Terrabacteria group	Bacteria				36.0
268404	0.0012950701713698432	Steroidobacter agariperforans	Steroidobacter	Steroidobacteraceae	Nevskiales	Gammaproteobacteria	Proteobacteria		Bacteria				31.22025662121281
2707068	0.0013349523117373926	Sphingomonas montis	Sphingomonas	Sphingomonadaceae	Sphingomonadales	Alphaproteobacteria	Proteobacteria		Bacteria				32.18169537905332
386874	0.0030643033817561523	Sphingomonas sediminicola	Sphingomonas	Sphingomonadaceae	Sphingomonadales	Alphaproteobacteria	Proteobacteria		Bacteria				73.87116162399556
1892855	0.0019434592080058773	Sphingosinicella sp. BN140058	Sphingosinicella	Sphingomonadaceae	Sphingomonadales	Alphaproteobacteria	Proteobacteria		Bacteria				46.850971127397685
1176646	0.0015582127404128235	Sphingomonas daechungensis	Sphingomonas	Sphingomonadaceae	Sphingomonadales	Alphaproteobacteria	Proteobacteria		Bacteria				37.56383453313194
432607	0.0006637076296567218	Bacillus isabeliae	Bacillus	Bacillaceae	Bacillales	Bacilli	Firmicutes	Terrabacteria group	Bacteria				15.999999828134591
86664	0.0008609974244665537	Bacillus flexus	Bacillus	Bacillaceae	Bacillales	Bacilli	Firmicutes	Terrabacteria group	Bacteria				20.75606491161521
152268	0.011562866797365907	Metabacillus litoralis	Metabacillus	Bacillaceae	Bacillales	Bacilli	Firmicutes	Terrabacteria group	Bacteria				278.7460298840999
690879	0.0009216549521499934	Terrimicrobium sacchariphilum	Terrimicrobium	Terrimicrobiaceae	Terrimicrobiales	Terrimicrobia	Verrucomicrobia	PVC group	Bacteria				22.218335931479892
748857	0.0007123901587142349	Roseimicrobium gellanilyticum	Roseimicrobium	Verrucomicrobiaceae	Verrucomicrobiales	Verrucomicrobiae	Verrucomicrobia	PVC group	Bacteria				17.17358955612406
1324935	0.0051689725279672576	Limisphaera ngatamarikiensis	Limisphaera	Verrucomicrobia subdivision 3	Verrucomicrobiales	Verrucomicrobiae	Verrucomicrobia	PVC group	Bacteria				124.60842073170667
414050	0.005597146240687871	Lysobacter dokdonensis	Lysobacter	Xanthomonadaceae	Xanthomonadales	Gammaproteobacteria	Proteobacteria		Bacteria				134.9304044242625
2675101	0.010196109563615214	Lysobacter caseinilyticus	Lysobacter	Xanthomonadaceae	Xanthomonadales	Gammaproteobacteria	Proteobacteria		Bacteria				245.79761325007195
332163	0.012734890280831294	Candidatus Solibacter usitatus	Candidatus Solibacter	Solibacteraceae	Bryobacterales	Acidobacteriia	Acidobacteria		Bacteria				307.0
1908690	0.003519373015716486	Fimbriiglobus ruber	Fimbriiglobus	Gemmataceae	Gemmatales	Planctomycetia	Planctomycetes	PVC group	Bacteria				84.84152528987732
1842540	0.002918445105455707	Methyloversatilis sp. RAC08	Methyloversatilis	Sterolibacteriaceae	Nitrosomonadales	Betaproteobacteria	Proteobacteria		Bacteria				70.35495615722073
1963835	0.0019496411830588626	Arboricoccus pini	Arboricoccus	Geminicoccaceae	Rhodospirillales	Alphaproteobacteria	Proteobacteria		Bacteria				47.0
1603870	0.00781288235876386	Brevitalea deliciosa	Brevitalea	Pyrinomonadaceae	Blastocatellales	Blastocatellia	Acidobacteria		Bacteria				188.3451550227204
1458336	0.0018759190357064217	Brevitalea aridisoli	Brevitalea	Pyrinomonadaceae	Blastocatellales	Blastocatellia	Acidobacteria		Bacteria				45.22278019377471
1450204	0.0012847801681107516	Paenibacillus lupini	Paenibacillus	Paenibacillaceae	Bacillales	Bacilli	Firmicutes	Terrabacteria group	Bacteria				30.97219551264589
2662190	0.0010148467734333666	Dulcicalothrix necridiiformans	Dulcicalothrix	Calotrichaceae	Nostocales		Cyanobacteria	Terrabacteria group	Bacteria				24.46491116715817
2005469	0.0012195153809471803	Calothrix sp. NIES-4071	Calothrix	Calotrichaceae	Nostocales		Cyanobacteria	Terrabacteria group	Bacteria				29.398857288493677
142864	0.0007921644518519564	Cylindrospermum stagnale	Cylindrospermum	Nostocaceae	Nostocales		Cyanobacteria	Terrabacteria group	Bacteria				19.096708440795112
988938	0.0009397720843922339	Iphinoe spelaeobios	Iphinoe	Stigonemataceae	Nostocales		Cyanobacteria	Terrabacteria group	Bacteria				22.655085638443584
92938	0.0006890127226912298	Fischerella muscicola	Fischerella	Hapalosiphonaceae	Nostocales		Cyanobacteria	Terrabacteria group	Bacteria				16.610029705917476
1714264	0.0013688970008711163	Domibacillus antri	Domibacillus	Bacillaceae	Bacillales	Bacilli	Firmicutes	Terrabacteria group	Bacteria				33.0
1542731	0.0013323271990566897	Niastella gongjuensis	Niastella	Chitinophagaceae	Chitinophagales	Chitinophagia	Bacteroidetes	FCB group	Bacteria				32.11841178765962
1781166	0.0025777203713793855	Niastella hibisci	Niastella	Chitinophagaceae	Chitinophagales	Chitinophagia	Bacteroidetes	FCB group	Bacteria				62.14110499284285
1963018	0.0008377617347973067	Chitinimonas lacunae	Chitinimonas	Burkholderiaceae	Burkholderiales	Betaproteobacteria	Proteobacteria		Bacteria				20.19592214075867
1817965	0.000786472440192495	Skermanella rosea	Skermanella	Rhodospirillaceae	Rhodospirillales	Alphaproteobacteria	Proteobacteria		Bacteria				18.959491115720475
1789672	0.001175119967756732	Skermanella mucosa	Skermanella	Rhodospirillaceae	Rhodospirillales	Alphaproteobacteria	Proteobacteria		Bacteria				28.32861706271154
913326	0.0016487207649445595	Skermanella stibiiresistens	Skermanella	Rhodospirillaceae	Rhodospirillales	Alphaproteobacteria	Proteobacteria		Bacteria				39.745711480518494
57664	0.0004985888888297485	Desulfuromonas thiophila	Desulfuromonas	Desulfuromonadaceae	Desulfuromonadales	Deltaproteobacteria	Proteobacteria		Bacteria				12.019482343018748
1546155	0.00426887197427902	Tepidisphaera mucosa	Tepidisphaera	Tepidisphaeraceae	Tepidisphaerales	Phycisphaerae	Planctomycetes	PVC group	Bacteria				102.90969668394433
964	0.0012052651687039255	Herbaspirillum seropedicae	Herbaspirillum	Oxalobacteraceae	Burkholderiales	Betaproteobacteria	Proteobacteria		Bacteria				29.05532742194553
360055	0.0028394679853520656	Zavarzinella formosa	Zavarzinella	Gemmataceae	Gemmatales	Planctomycetia	Planctomycetes	PVC group	Bacteria				68.45105472288225
1384459	0.005765960094578338	Methyloceanibacter caenitepidi	Methyloceanibacter		Rhizobiales	Alphaproteobacteria	Proteobacteria		Bacteria				139.0
293647	0.0007232169867172883	Byssovorax cruenta	Byssovorax	Polyangiaceae	Myxococcales	Deltaproteobacteria	Proteobacteria		Bacteria				17.43459189879367
889272	0.0015759802265096089	Polyangium fumosum	Polyangium	Polyangiaceae	Myxococcales	Deltaproteobacteria	Proteobacteria		Bacteria				37.99215532046714
1885912	0.000489648299097624	Racemicystis persica	Racemicystis	Polyangiaceae	Myxococcales	Deltaproteobacteria	Proteobacteria		Bacteria				11.803951546346422
888845	0.0006490325657968455	Minicystis rosea	Minicystis		Myxococcales	Deltaproteobacteria	Proteobacteria		Bacteria				15.646228063664553
2662614	0.0024899749295253307	Terrimonas suqianensis	Terrimonas	Chitinophagaceae	Chitinophagales	Chitinophagia	Bacteroidetes	FCB group	Bacteria				60.025825626067146
1707785	0.002377819144287897	Massilia sp. WG5	Massilia	Oxalobacteraceae	Burkholderiales	Betaproteobacteria	Proteobacteria		Bacteria				57.322086111348334
1592106	0.0008344872555106486	Terriglobus albidus	Terriglobus	Acidobacteriaceae	Acidobacteriales	Acidobacteriia	Acidobacteria		Bacteria				20.116984268595207
940615	0.0006459949405414462	Granulicella tundricola	Granulicella	Acidobacteriaceae	Acidobacteriales	Acidobacteriia	Acidobacteria		Bacteria				15.573000031632642
1325125	0.0006637076367859958	Kallotenue papyrolyticum	Kallotenue	Kallotenuaceae	Kallotenuales	Chloroflexia	Chloroflexi	Terrabacteria group	Bacteria				16.0
1312852	0.0021553399934475673	Thermoanaerobaculum aquaticum	Thermoanaerobaculum	Thermoanaerobaculaceae	Thermoanaerobaculales	Thermoanaerobaculia	Acidobacteria		Bacteria				51.95878122204051
981385	0.0009456625658060495	Thermotomaculum hydrothermale	Thermotomaculum	Thermotomaculaceae	Thermotomaculales	Holophagae	Acidobacteria		Bacteria				22.797087473886435
940145	0.0015569406357208004	Flavisolibacter rigui	Flavisolibacter	Chitinophagaceae	Chitinophagales	Chitinophagia	Bacteroidetes	FCB group	Bacteria				37.533167905321335
796384	0.002096796671441938	Flavitalea populi	Flavitalea	Chitinophagaceae	Chitinophagales	Chitinophagia	Bacteroidetes	FCB group	Bacteria				50.54747735845079
1346888	0.0011987360605149125	Rhodoligotrophos jinshengii	Rhodoligotrophos	Rhodobiaceae	Rhizobiales	Alphaproteobacteria	Proteobacteria		Bacteria				28.897930210832996
336203	0.0010774647598803542	Sphingobium fuliginis	Sphingobium	Sphingomonadaceae	Sphingomonadales	Alphaproteobacteria	Proteobacteria		Bacteria				25.9744429664357
82541	0.0008635795020528893	Cupriavidus gilardii	Cupriavidus	Burkholderiaceae	Burkholderiales	Betaproteobacteria	Proteobacteria		Bacteria				20.818311055989003
106590	0.0011874402746131758	Cupriavidus necator	Cupriavidus	Burkholderiaceae	Burkholderiales	Betaproteobacteria	Proteobacteria		Bacteria				28.62562270009983
248026	0.0007747468456169519	Cupriavidus pinatubonensis	Cupriavidus	Burkholderiaceae	Burkholderiales	Betaproteobacteria	Proteobacteria		Bacteria				18.67682220728786
781	0.0011650428999470629	Rickettsia conorii	Rickettsia	Rickettsiaceae	Rickettsiales	Alphaproteobacteria	Proteobacteria		Bacteria			spotted fever group	28.085689189023846
421767	0.003287865545430218	Peribacillus butanolivorans	Peribacillus	Bacillaceae	Bacillales	Bacilli	Firmicutes	Terrabacteria group	Bacteria				79.26057470368626
1478	0.005605208070771654	Peribacillus simplex	Peribacillus	Bacillaceae	Bacillales	Bacilli	Firmicutes	Terrabacteria group	Bacteria				135.12475096209226
450367	0.006804653910208046	[Brevibacterium] frigoritolerans	Bacillus	Bacillaceae	Bacillales	Bacilli	Firmicutes	Terrabacteria group	Bacteria				164.03979181338536
363860	0.000850129260252121	Paenibacillus pocheonensis	Paenibacillus	Paenibacillaceae	Bacillales	Bacilli	Firmicutes	Terrabacteria group	Bacteria				20.49406607689788
1897628	0.0016925991020009191	Rhodoplanes azumiensis	Rhodoplanes	Hyphomicrobiaceae	Rhizobiales	Alphaproteobacteria	Proteobacteria		Bacteria				40.80348655193616
1306274	0.001155324798139219	Nostoc flagelliforme	Nostoc	Nostocaceae	Nostocales		Cyanobacteria	Terrabacteria group	Bacteria				27.851414908742154
1707966	0.0006214305118736806	Racemicystis crocea	Racemicystis	Polyangiaceae	Myxococcales	Deltaproteobacteria	Proteobacteria		Bacteria				14.980825349738817
2507935	0.0020318977755878513	Cohnella abietis	Cohnella	Paenibacillaceae	Bacillales	Bacilli	Firmicutes	Terrabacteria group	Bacteria				48.98295967609633
228899	0.005316391313621098	Peribacillus asahii	Peribacillus	Bacillaceae	Bacillales	Bacilli	Firmicutes	Terrabacteria group	Bacteria				128.1622453974638
42256	0.0012029700916746174	Rubrobacter radiotolerans	Rubrobacter	Rubrobacteraceae	Rubrobacterales	Rubrobacteria	Actinobacteria	Terrabacteria group	Bacteria				29.0
940133	0.0005736604439588572	Sphingomonas limnosediminicola	Sphingomonas	Sphingomonadaceae	Sphingomonadales	Alphaproteobacteria	Proteobacteria		Bacteria				13.829232322516171
1603869	0.001220852004056909	Stenotrophobacter roseus	Stenotrophobacter	Blastocatellaceae	Blastocatellales	Blastocatellia	Acidobacteria		Bacteria				29.431079261799905
1603871	0.0005554738530435558	Stenotrophobacter namibiensis	Stenotrophobacter	Blastocatellaceae	Blastocatellales	Blastocatellia	Acidobacteria		Bacteria				13.390808175321
1249552	0.00236445845605011	Pseudohongiella spirulinae	Pseudohongiella			Gammaproteobacteria	Proteobacteria		Bacteria				57.0
1122256	0.001710808350115007	Arenimonas subflava	Arenimonas	Xanthomonadaceae	Xanthomonadales	Gammaproteobacteria	Proteobacteria		Bacteria				41.24245689622247
1446479	0.001329581142434894	Arenimonas maotaiensis	Arenimonas	Xanthomonadaceae	Xanthomonadales	Gammaproteobacteria	Proteobacteria		Bacteria				32.05221260067799
83	0.0010678126218964417	Hyphomicrobium vulgare	Hyphomicrobium	Hyphomicrobiaceae	Rhizobiales	Alphaproteobacteria	Proteobacteria		Bacteria				25.74175887605752
1391654	0.0017768941617881406	Labilithrix luteola	Labilithrix	Labilitrichaceae	Myxococcales	Deltaproteobacteria	Proteobacteria		Bacteria				42.835587558226706
76891	0.0005392624548886217	Asticcacaulis biprosthecium	Asticcacaulis	Caulobacteraceae	Caulobacterales	Alphaproteobacteria	Proteobacteria		Bacteria				13.000000000000002
1837343	0.0022497918965193793	Paenibacillus qinlingensis	Paenibacillus	Paenibacillaceae	Bacillales	Bacilli	Firmicutes	Terrabacteria group	Bacteria				54.23573324939267
1637999	0.0011201770322053898	Verrucomicrobia bacterium IMCC26134					Verrucomicrobia	PVC group	Bacteria				27.004107715375333
1547283	0.0006845075254145195	Bacillus weihaiensis	Bacillus	Bacillaceae	Bacillales	Bacilli	Firmicutes	Terrabacteria group	Bacteria				16.501422915167822
1045317	0.0010677317602881108	Sphingomonas lutea	Sphingomonas	Sphingomonadaceae	Sphingomonadales	Alphaproteobacteria	Proteobacteria		Bacteria				25.739809545265487
169056	0.004687435161178241	Nordella oligomobilis	Nordella		Rhizobiales	Alphaproteobacteria	Proteobacteria		Bacteria				112.99999943052386
57001	0.0016177873646658647	Amaricoccus macauensis	Amaricoccus	Rhodobacteraceae	Rhodobacterales	Alphaproteobacteria	Proteobacteria		Bacteria				39.0
1076	0.0017669129703895379	Rhodopseudomonas palustris	Rhodopseudomonas	Bradyrhizobiaceae	Rhizobiales	Alphaproteobacteria	Proteobacteria		Bacteria				42.59497097718059
1458337	0.005358531572350833	Stenotrophobacter terrae	Stenotrophobacter	Blastocatellaceae	Blastocatellales	Blastocatellia	Acidobacteria		Bacteria				129.17812061466154
670293	0.001103962254669755	Segetibacter aerophilus	Segetibacter	Chitinophagaceae	Chitinophagales	Chitinophagia	Bacteroidetes	FCB group	Bacteria				26.613218073323782
363847	0.0006175960846982192	Lysobacter ginsengisoli	Lysobacter	Xanthomonadaceae	Xanthomonadales	Gammaproteobacteria	Proteobacteria		Bacteria				14.88838881381997
1538021	0.0004977831154035336	Novosphingobium tardum	Novosphingobium	Sphingomonadaceae	Sphingomonadales	Alphaproteobacteria	Proteobacteria		Bacteria				12.000057563032986
1678841	0.0012720401358969427	Lentimicrobium saccharophilum	Lentimicrobium	Lentimicrobiaceae	Bacteroidales	Bacteroidia	Bacteroidetes	FCB group	Bacteria				30.6650715560676
2602016	0.0018774745231826134	Hypericibacter adhaerens	Hypericibacter	Rhodospirillaceae	Rhodospirillales	Alphaproteobacteria	Proteobacteria		Bacteria				45.26027833036326
2602015	0.0005219608339132104	Hypericibacter terrae	Hypericibacter	Rhodospirillaceae	Rhodospirillales	Alphaproteobacteria	Proteobacteria		Bacteria				12.582909823145764
758823	0.0005807441821877463	Vampirovibrio chlorellavorus	Vampirovibrio		Vampirovibrionales		Candidatus Melainabacteria	Terrabacteria group	Bacteria				14.000000000000002
661488	0.0005257470335989042	Pseudobacter ginsenosidimutans	Pseudobacter	Chitinophagaceae	Chitinophagales	Chitinophagia	Bacteroidetes	FCB group	Bacteria				12.674183738968782
1892555	0.0006807923934112589	Flaviaesturariibacter terrae	Flaviaesturariibacter	Chitinophagaceae	Chitinophagales	Chitinophagia	Bacteroidetes	FCB group	Bacteria				16.41186222796522
1789691	0.001215685055184399	Flaviaesturariibacter luteus	Flaviaesturariibacter	Chitinophagaceae	Chitinophagales	Chitinophagia	Bacteroidetes	FCB group	Bacteria				29.306519625330306
398037	0.000928673129948152	Segetibacter koreensis	Segetibacter	Chitinophagaceae	Chitinophagales	Chitinophagia	Bacteroidetes	FCB group	Bacteria				22.3875231436601
529703	0.00078815281868337	Adhaeribacter terreus	Adhaeribacter	Hymenobacteraceae	Cytophagales	Cytophagia	Bacteroidetes	FCB group	Bacteria				19.0
56	0.004761441557672341	Sorangium cellulosum	Sorangium	Polyangiaceae	Myxococcales	Deltaproteobacteria	Proteobacteria		Bacteria				114.78407163080713
359917	0.0011139909096182857	Paenibacillus sepulcri	Paenibacillus	Paenibacillaceae	Bacillales	Bacilli	Firmicutes	Terrabacteria group	Bacteria				26.854978858168014
217090	0.0009014601116220382	Paenibacillus pasadenensis	Paenibacillus	Paenibacillaceae	Bacillales	Bacilli	Firmicutes	Terrabacteria group	Bacteria				21.731498910872475
1712516	0.0020524303046863114	Paenibacillus baekrokdamisoli	Paenibacillus	Paenibacillaceae	Bacillales	Bacilli	Firmicutes	Terrabacteria group	Bacteria				49.47793735507291
1099794	0.0006223123545024122	Portibacter lacus	Portibacter	Haliscomenobacteraceae	Saprospirales	Saprospiria	Bacteroidetes	FCB group	Bacteria				15.00208392998965
2350	0.0007081774995314126	Haliscomenobacter hydrossis	Haliscomenobacter	Haliscomenobacteraceae	Saprospirales	Saprospiria	Bacteroidetes	FCB group	Bacteria				17.072034981203764
70995	0.0008680416928197761	Lewinella cohaerens	Lewinella	Lewinellaceae	Saprospirales	Saprospiria	Bacteroidetes	FCB group	Bacteria				20.925881088806342
51	0.0008718703906328363	Chondromyces apiculatus	Chondromyces	Polyangiaceae	Myxococcales	Deltaproteobacteria	Proteobacteria		Bacteria				21.018179506985785
52	0.001969405845255903	Chondromyces crocatus	Chondromyces	Polyangiaceae	Myxococcales	Deltaproteobacteria	Proteobacteria		Bacteria				47.47646671158405
1405	0.0026548305471439833	Bacillus mycoides	Bacillus	Bacillaceae	Bacillales	Bacilli	Firmicutes	Terrabacteria group	Bacteria			Bacillus cereus group	64.0
363837	0.00045631699556886423	Chitinophaga ginsengisoli	Chitinophaga	Chitinophagaceae	Chitinophagales	Chitinophagia	Bacteroidetes	FCB group	Bacteria				11.00043381217861
1325564	0.005437273973683225	Nitrospira japonica	Nitrospira	Nitrospiraceae	Nitrospirales	Nitrospira	Nitrospirae		Bacteria				131.0763636835815
238834	0.00041481727299124733	Clostridium estertheticum	Clostridium	Clostridiaceae	Clostridiales	Clostridia	Firmicutes	Terrabacteria group	Bacteria				10.0
1442587	0.0028444196579888487	Algoriphagus boseongensis	Algoriphagus	Cyclobacteriaceae	Cytophagales	Cytophagia	Bacteroidetes	FCB group	Bacteria				68.57042469513718
667306	0.004801925100368406	Aciditerrimonas ferrireducens	Aciditerrimonas	Acidimicrobiaceae	Acidimicrobiales	Acidimicrobiia	Actinobacteria	Terrabacteria group	Bacteria				115.76000839458116
2100740	0.0020035230280646406	Pedobacter mongoliensis	Pedobacter	Sphingobacteriaceae	Sphingobacteriales	Sphingobacteriia	Bacteroidetes	FCB group	Bacteria				48.29892963755429
496056	0.0012615948032415236	Anseongella ginsenosidimutans	Anseongella	Sphingobacteriaceae	Sphingobacteriales	Sphingobacteriia	Bacteroidetes	FCB group	Bacteria				30.41326592174341
709839	0.0007923042448341665	Noviherbaspirillum autotrophicum	Noviherbaspirillum	Oxalobacteraceae	Burkholderiales	Betaproteobacteria	Proteobacteria		Bacteria				19.100078430217252
174633	0.000995508498265607	Candidatus Kuenenia stuttgartiensis	Candidatus Kuenenia	Candidatus Brocadiaceae	Candidatus Brocadiales	Candidatus Brocadiae	Planctomycetes	PVC group	Bacteria				23.998723367688985
2502779	0.0007466747389047523	Flavisolibacter sp. 17J28-1	Flavisolibacter	Chitinophagaceae	Chitinophagales	Chitinophagia	Bacteroidetes	FCB group	Bacteria				18.000087930776864
525924	0.0006784139160265877	Phaselicystis flava	Phaselicystis	Phaselicystidaceae	Myxococcales	Deltaproteobacteria	Proteobacteria		Bacteria				16.35452427365295
580166	0.0005598076508955869	Oceanibaculum pacificum	Oceanibaculum	Rhodospirillaceae	Rhodospirillales	Alphaproteobacteria	Proteobacteria		Bacteria				13.495283040139915
655015	0.0011900146924452542	Methylocystis bryophila	Methylocystis	Methylocystaceae	Rhizobiales	Alphaproteobacteria	Proteobacteria		Bacteria				28.687684190777745
1842534	0.0013844119133955594	Sinorhizobium sp. RAC02	Sinorhizobium	Rhizobiaceae	Rhizobiales	Alphaproteobacteria	Proteobacteria		Bacteria				33.37401799622675
56731	0.002094554984547005	Rhizobium giardinii	Rhizobium	Rhizobiaceae	Rhizobiales	Alphaproteobacteria	Proteobacteria		Bacteria				50.493437012474644
121290	0.0007405623666585895	Hyphomicrobium sulfonivorans	Hyphomicrobium	Hyphomicrobiaceae	Rhizobiales	Alphaproteobacteria	Proteobacteria		Bacteria				17.852736973038617
688913	0.0013831819024801228	Ohtaekwangia kribbensis	Ohtaekwangia	Fulvivirgaceae	Cytophagales	Cytophagia	Bacteroidetes	FCB group	Bacteria				33.34436612308832
688867	0.0006932472004048655	Ohtaekwangia koreensis	Ohtaekwangia	Fulvivirgaceae	Cytophagales	Cytophagia	Bacteroidetes	FCB group	Bacteria				16.71211026016009
2268087	0.00157630563736674	Polaromonas sp. SP1	Polaromonas	Comamonadaceae	Burkholderiales	Betaproteobacteria	Proteobacteria		Bacteria				38.0
911092	0.0015816010020942917	Caldanaerobacter subterraneus	Caldanaerobacter	Thermoanaerobacteraceae	Thermoanaerobacterales	Clostridia	Firmicutes	Terrabacteria group	Bacteria				38.12765535748709
99598	0.0006165692417791555	Calothrix sp. PCC 7507	Calothrix	Calotrichaceae	Nostocales		Cyanobacteria	Terrabacteria group	Bacteria				14.863634711570102
35788	0.000745765476630676	Rickettsia africae	Rickettsia	Rickettsiaceae	Rickettsiales	Alphaproteobacteria	Proteobacteria		Bacteria			spotted fever group	17.978168345135707
2496847	0.0025669031663012407	Sterolibacteriaceae bacterium M52		Sterolibacteriaceae	Nitrosomonadales	Betaproteobacteria	Proteobacteria		Bacteria				61.88033463002401
578943	0.0024203656150325963	Dongia mobilis	Dongia	Rhodospirillaceae	Rhodospirillales	Alphaproteobacteria	Proteobacteria		Bacteria				58.3477538815908
2562284	0.0011993120397223026	Pseudolabrys sp. FHR47	Pseudolabrys	Xanthobacteraceae	Rhizobiales	Alphaproteobacteria	Proteobacteria		Bacteria				28.911815341585548
103690	0.000770607632634519	Nostoc sp. PCC 7120 = FACHB-418	Nostoc	Nostocaceae	Nostocales		Cyanobacteria	Terrabacteria group	Bacteria				18.57703819992035
1204385	0.0019911229103579875	Litorilinea aerophila	Litorilinea	Caldilineaceae	Caldilineales	Caldilineae	Chloroflexi	Terrabacteria group	Bacteria				48.00000000000001
708199	0.0015553769431197594	Flavitalea gansuensis	Flavitalea	Chitinophagaceae	Chitinophagales	Chitinophagia	Bacteroidetes	FCB group	Bacteria				37.49547196778804
35554	0.0010816483014059965	Geobacter sulfurreducens	Geobacter	Geobacteraceae	Desulfuromonadales	Deltaproteobacteria	Proteobacteria		Bacteria				26.075295601994355
41	0.0029071737068442857	Stigmatella aurantiaca	Stigmatella	Archangiaceae	Myxococcales	Deltaproteobacteria	Proteobacteria		Bacteria				70.0832365508952
600628	0.0006915092478268277	Dongia soli	Dongia	Rhodospirillaceae	Rhodospirillales	Alphaproteobacteria	Proteobacteria		Bacteria				16.670213437361337
1357915	0.0022400132741527356	Arthrobacter sp. QXT-31	Arthrobacter	Micrococcaceae	Micrococcales	Actinobacteria	Actinobacteria	Terrabacteria group	Bacteria				53.99999999999999
960	0.0015232089168762406	Bacteriovorax stolpii	Bacteriovorax	Bacteriovoracaceae	Bacteriovoracales	Oligoflexia	Proteobacteria		Bacteria				36.71999735913553
490573	0.0012966408355014525	Solirubrobacter ginsenosidimutans	Solirubrobacter	Solirubrobacteraceae	Solirubrobacterales	Thermoleophilia	Actinobacteria	Terrabacteria group	Bacteria				31.258120621433516
496014	0.0008107642886120836	Baekduia soli	Baekduia	Baekduiaceae	Rubrobacterales	Rubrobacteria	Actinobacteria	Terrabacteria group	Bacteria				19.5450947055715
363832	0.0007895292940905272	Solirubrobacter soli	Solirubrobacter	Solirubrobacteraceae	Solirubrobacterales	Thermoleophilia	Actinobacteria	Terrabacteria group	Bacteria				19.033182692640338
1334106	0.0008296345459824947	Phyllobacterium loti	Phyllobacterium	Phyllobacteriaceae	Rhizobiales	Alphaproteobacteria	Proteobacteria		Bacteria				20.0
29369	0.0009955614551789937	Clostridium sardiniense	Clostridium	Clostridiaceae	Clostridiales	Clostridia	Firmicutes	Terrabacteria group	Bacteria				24.000000000000004
2021234	0.000871116273218877	Ahniella affigens	Ahniella	Rhodanobacteraceae	Xanthomonadales	Gammaproteobacteria	Proteobacteria		Bacteria				20.999999998487468
1055487	0.0017007508192641142	Methylotenera versatilis	Methylotenera	Methylophilaceae	Nitrosomonadales	Betaproteobacteria	Proteobacteria		Bacteria				41.0
349221	0.0009708810526054522	Micavibrio aeruginosavorus	Micavibrio			Alphaproteobacteria	Proteobacteria		Bacteria				23.405029535159635
2528021	0.0012478068689844018	Planctomycetes bacterium ETA_A8					Planctomycetes	PVC group	Bacteria				30.080880190606972
125	0.0016262785234279252	Pirellula staleyi	Pirellula	Pirellulaceae	Pirellulales	Planctomycetia	Planctomycetes	PVC group	Bacteria				39.20469636427699
2070463	0.0009544614764771227	Lysinibacillus sp. SGAir0095	Lysinibacillus	Bacillaceae	Bacillales	Bacilli	Firmicutes	Terrabacteria group	Bacteria				23.009202813433998
1005039	0.0009125980005807441	Fimbriimonas ginsengisoli	Fimbriimonas	Fimbriimonadaceae	Fimbriimonadales	Fimbriimonadia	Armatimonadetes	Terrabacteria group	Bacteria				22.0
1235591	0.0017623464544074586	Pseudorhodoplanes sinuspersici	Pseudorhodoplanes		Rhizobiales	Alphaproteobacteria	Proteobacteria		Bacteria				42.484885976400605
480070	0.001033323417346203	Rhizomicrobium electricum	Rhizomicrobium	Micropepsaceae	Micropepsales	Alphaproteobacteria	Proteobacteria		Bacteria				24.910327621964917
2528019	0.000580744188013739	Planctopirus ephydatiae	Planctopirus	Planctomycetaceae	Planctomycetales	Planctomycetia	Planctomycetes	PVC group	Bacteria				14.000000140447206
2027860	0.0011142247964556712	Mucilaginibacter rubeus	Mucilaginibacter	Sphingobacteriaceae	Sphingobacteriales	Sphingobacteriia	Bacteroidetes	FCB group	Bacteria				26.860617168156864
1122943	0.0019363834070776772	Daejeonella oryzae	Pedobacter	Sphingobacteriaceae	Sphingobacteriales	Sphingobacteriia	Bacteroidetes	FCB group	Bacteria				46.68039479442157
1750598	0.0007079778307073595	Dissulfurimicrobium hydrothermale	Dissulfurimicrobium			Deltaproteobacteria	Proteobacteria		Bacteria				17.067221564862315
696072	0.0008303414080517554	Cohnella suwonensis	Cohnella	Paenibacillaceae	Bacillales	Bacilli	Firmicutes	Terrabacteria group	Bacteria				20.017040323903668
60893	0.0005038675693225987	Desulfobacca acetoxidans	Desulfobacca	Syntrophaceae	Syntrophobacterales	Deltaproteobacteria	Proteobacteria		Bacteria				12.146735493659886
1742923	0.001514894988016558	Thermostilla marina	Thermostilla	Thermoguttaceae	Pirellulales	Planctomycetia	Planctomycetes	PVC group	Bacteria				36.51957347611516
1632864	0.005106079807093293	Planctomyces sp. SH-PL14	Planctomyces	Planctomycetaceae	Planctomycetales	Planctomycetia	Planctomycetes	PVC group	Bacteria				123.09226590959801
2321403	0.0011113679523191216	Chryseolinea soli	Chryseolinea	Fulvivirgaceae	Cytophagales	Cytophagia	Bacteroidetes	FCB group	Bacteria				26.791747226557064
947013	0.001831491947989982	Chryseolinea serpens	Chryseolinea	Fulvivirgaceae	Cytophagales	Cytophagia	Bacteroidetes	FCB group	Bacteria				44.1517763901945
400768	0.0008296345459824947	Microlunatus panaciterrae	Microlunatus	Propionibacteriaceae	Propionibacteriales	Actinobacteria	Actinobacteria	Terrabacteria group	Bacteria				20.0
889268	0.0011200066370763695	Nannocystis pusilla	Nannocystis	Nannocystaceae	Myxococcales	Deltaproteobacteria	Proteobacteria		Bacteria				27.00000000000004
760012	0.0022814950014518605	Phenylobacterium muchangponense	Phenylobacterium	Caulobacteraceae	Caulobacterales	Alphaproteobacteria	Proteobacteria		Bacteria				55.0
191863	0.0021155682018701685	Chthoniobacter flavus	Chthoniobacter	Chthoniobacteraceae	Chthoniobacterales	Spartobacteria	Verrucomicrobia	PVC group	Bacteria				51.000002642484155
37482	0.002447421910648359	Laceyella sacchari	Laceyella	Thermoactinomycetaceae	Bacillales	Bacilli	Firmicutes	Terrabacteria group	Bacteria				58.99999999999999
306543	0.0005287965107558096	Paenibacillus harenae	Paenibacillus	Paenibacillaceae	Bacillales	Bacilli	Firmicutes	Terrabacteria group	Bacteria				12.747697484790303
1727163	0.0008534026528110036	Algoriphagus sanaruensis	Algoriphagus	Cyclobacteriaceae	Cytophagales	Cytophagia	Bacteroidetes	FCB group	Bacteria				20.572977751314863
2053591	0.0008228635348506231	Planctomycetales bacterium			Planctomycetales	Planctomycetia	Planctomycetes	PVC group	Bacteria				19.83677123464397
1548547	0.0006002030952097025	Woeseia oceani	Woeseia	Woeseiaceae	Chromatiales	Gammaproteobacteria	Proteobacteria		Bacteria				14.469096016220298
1033854	0.001390923876466457	Thioalkalivibrio sulfidiphilus	Thioalkalivibrio	Ectothiorhodospiraceae	Chromatiales	Gammaproteobacteria	Proteobacteria		Bacteria				33.53100188997688
153721	0.0006992407829073693	Sporocytophaga myxococcoides	Sporocytophaga	Cytophagaceae	Cytophagales	Cytophagia	Bacteroidetes	FCB group	Bacteria				16.856597553547953
927083	0.001618315123841944	Sandaracinus amylolyticus	Sandaracinus	Sandaracinaceae	Myxococcales	Deltaproteobacteria	Proteobacteria		Bacteria				39.01272269045774
2082387	0.0010203741782440828	Mesorhizobium sp. Pch-S	Mesorhizobium	Phyllobacteriaceae	Rhizobiales	Alphaproteobacteria	Proteobacteria		Bacteria				24.598160314930105
202611	0.0022636107188478043	Lysinibacillus odysseyi	Lysinibacillus	Bacillaceae	Bacillales	Bacilli	Firmicutes	Terrabacteria group	Bacteria				54.56886359926402
2651284	0.0019911229103579875	Pradoshia sp. D12	Pradoshia	Bacillaceae	Bacillales	Bacilli	Firmicutes	Terrabacteria group	Bacteria				48.00000000000001
1911421	0.0007466707573824041	Aridibacter nitratireducens	Aridibacter	Blastocatellaceae	Blastocatellales	Blastocatellia	Acidobacteria		Bacteria				17.999991948217616
1634993	0.0004734217466117014	Reyranella terrae	Reyranella		Rhodospirillales	Alphaproteobacteria	Proteobacteria		Bacteria				11.412778045568286
45	0.0006637076373525575	Melittangium lichenicola	Melittangium	Archangiaceae	Myxococcales	Deltaproteobacteria	Proteobacteria		Bacteria				16.000000013658102
217070	0.0007562972118764691	Stella vacuolata	Stella	Acetobacteraceae	Rhodospirillales	Alphaproteobacteria	Proteobacteria		Bacteria				18.23205688670604
370777	0.0008628628796777422	Arenimonas daejeonensis	Arenimonas	Xanthomonadaceae	Xanthomonadales	Gammaproteobacteria	Proteobacteria		Bacteria				20.80103544039133
708132	0.001244451818973742	Oligoflexus tunisiensis	Oligoflexus	Oligoflexaceae	Oligoflexales	Oligoflexia	Proteobacteria		Bacteria				30.0
1414720	0.0008759942466084759	Clostridium saudiense	Clostridium	Clostridiaceae	Clostridiales	Clostridia	Firmicutes	Terrabacteria group	Bacteria				21.117593302990528
84024	0.0005843123214044365	Clostridium disporicum	Clostridium	Clostridiaceae	Clostridiales	Clostridia	Firmicutes	Terrabacteria group	Bacteria				14.086017132096751
959	0.0005401383564085709	Bdellovibrio bacteriovorus	Bdellovibrio	Bdellovibrionaceae	Bdellovibrionales	Oligoflexia	Proteobacteria		Bacteria				13.021115357941417
86193	0.0006734425309926262	Sphingobium abikonense	Sphingobium	Sphingomonadaceae	Sphingomonadales	Alphaproteobacteria	Proteobacteria		Bacteria				16.23467909463924
266122	0.000726470465239063	Lysobacter koreensis	Lysobacter	Xanthomonadaceae	Xanthomonadales	Gammaproteobacteria	Proteobacteria		Bacteria				17.513023505518092
467091	0.0012859335462728667	Ilumatobacter fluminis	Ilumatobacter	Ilumatobacteraceae	Acidimicrobiales	Acidimicrobiia	Actinobacteria	Terrabacteria group	Bacteria				31.0
2528009	0.0007534934649762657	Planctomycetes bacterium Pla175					Planctomycetes	PVC group	Bacteria				18.164466960182835
2056494	0.0005392624548886216	Candidatus Saccharibacteria bacterium YM_S32_TM7_50_20					Candidatus Saccharibacteria	Bacteria candidate phyla	Bacteria				13.0
47671	0.00045629900029037207	Lautropia mirabilis	Lautropia	Burkholderiaceae	Burkholderiales	Betaproteobacteria	Proteobacteria		Bacteria				11.0
443615	0.0005807441821877463	Pseudoxanthomonas sacheonensis	Pseudoxanthomonas	Xanthomonadaceae	Xanthomonadales	Gammaproteobacteria	Proteobacteria		Bacteria				14.000000000000002
1559	0.0006137797969433243	Clostridium tertium	Clostridium	Clostridiaceae	Clostridiales	Clostridia	Firmicutes	Terrabacteria group	Bacteria				14.796389564912719
985250	0.0007466710913842452	Sinimarinibacterium flocculans	Sinimarinibacterium	Sinobacteraceae	Nevskiales	Gammaproteobacteria	Proteobacteria		Bacteria				18.0
616952	0.000804825050163984	Bauldia consociata	Bauldia		Rhizobiales	Alphaproteobacteria	Proteobacteria		Bacteria				19.401917484303162
1650658	0.0006713294849808596	Actinobacteria bacterium IMCC26256				Actinobacteria	Actinobacteria	Terrabacteria group	Bacteria				16.183739894433582
1230389	0.001202916012130706	Reyranella soli	Reyranella		Rhodospirillales	Alphaproteobacteria	Proteobacteria		Bacteria				28.99869630443493
1243664	0.0007211964198619947	Bacillus massiliogorillae	Bacillus	Bacillaceae	Bacillales	Bacilli	Firmicutes	Terrabacteria group	Bacteria				17.385882093613105
659595	0.0012029700227952822	Chiayiivirga flava	Chiayiivirga	Rhodanobacteraceae	Xanthomonadales	Gammaproteobacteria	Proteobacteria		Bacteria				28.999998339525867
1859460	0.0005392624548886216	Luteolibacter flavescens	Luteolibacter	Verrucomicrobiaceae	Verrucomicrobiales	Verrucomicrobiae	Verrucomicrobia	PVC group	Bacteria				13.0
292806	0.0005393284596892899	Lysinibacillus massiliensis	Lysinibacillus	Bacillaceae	Bacillales	Bacilli	Firmicutes	Terrabacteria group	Bacteria				13.001591177729713
777	0.0008296345459824947	Coxiella burnetii	Coxiella	Coxiellaceae	Legionellales	Gammaproteobacteria	Proteobacteria		Bacteria				20.0
435289	0.0005475096193358934	Lysobacter spongiicola	Lysobacter	Xanthomonadaceae	Xanthomonadales	Gammaproteobacteria	Proteobacteria		Bacteria				13.198814393330382
423605	0.00045629900029037207	Elusimicrobium minutum	Elusimicrobium	Elusimicrobiaceae	Elusimicrobiales	Elusimicrobia	Elusimicrobia		Bacteria				11.0
455078	0.0009125980005807441	Rhodocytophaga aerolata	Rhodocytophaga	Cytophagaceae	Cytophagales	Cytophagia	Bacteroidetes	FCB group	Bacteria				22.0
unmapped	0.0												3.0
mapped_filtered	0.0												0.0
mapped_unclassified	0.0												1511.0
