step0_concat	Run03_swab_barcode07	raw	1933	2026-03-13
step0_concat	Run03_swab_barcode08	raw	976	2026-03-13
step0_concat	Run03_swab_barcode01	raw	425	2026-03-13
step0_concat	Run03_swab_barcode02	raw	187	2026-03-13
step0_concat	Run03_swab_barcode05	raw	50	2026-03-13
step0_concat	Run03_swab_barcode14	raw	38	2026-03-13
step0_concat	Run03_swab_barcode15	raw	99	2026-03-13
step0_concat	Run03_swab_barcode03	raw	1593	2026-03-13
step0_concat	Run03_swab_barcode06	raw	1753	2026-03-13
step0_concat	Run03_swab_barcode09	raw	123	2026-03-13
step0_concat	Run02_soil_barcode06	raw	8567	2026-03-13
step0_concat	Run03_swab_barcode11	raw	2795	2026-03-13
step0_concat	Run03_swab_barcode17	raw	3173	2026-03-13
step0_concat	Run03_swab_barcode04	raw	3861	2026-03-13
step0_concat	Run02_soil_barcode22	raw	2	2026-03-13
step0_concat	Run01_soil_barcode03	raw	15109	2026-03-13
step0_concat	Run03_swab_barcode10	raw	5817	2026-03-13
step0_concat	Run01_soil_barcode05	raw	3360	2026-03-13
step0_concat	Run01_soil_barcode08	raw	18717	2026-03-13
step0_concat	Run02_soil_barcode15	raw	16014	2026-03-13
step0_concat	Run02_soil_barcode14	raw	25978	2026-03-13
step0_concat	Run03_swab_barcode12	raw	14071	2026-03-13
step0_concat	Run04_swab_barcode16	raw	10655	2026-03-13
step0_concat	Run04_swab_barcode23	raw	1104	2026-03-13
step0_concat	Run04_swab_barcode20	raw	4350	2026-03-13
step0_concat	Run02_soil_barcode07	raw	8409	2026-03-13
step0_concat	Run04_swab_barcode07	raw	779	2026-03-13
step0_concat	Run04_swab_barcode15	raw	13061	2026-03-13
step0_concat	Run02_soil_barcode05	raw	20856	2026-03-13
step0_concat	Run04_swab_barcode05	raw	3617	2026-03-13
step0_concat	Run04_swab_barcode12	raw	10212	2026-03-13
step0_concat	Run03_swab_barcode16	raw	20818	2026-03-13
step0_concat	Run04_swab_barcode04	raw	6804	2026-03-13
step0_concat	Run01_soil_barcode17	raw	16933	2026-03-13
step0_concat	Run03_swab_barcode13	raw	23193	2026-03-13
step0_concat	Run04_swab_barcode02	raw	23059	2026-03-13
step0_concat	Run01_soil_barcode01	raw	27900	2026-03-13
step0_concat	Run04_swab_barcode19	raw	13887	2026-03-13
step0_concat	Run02_soil_barcode08	raw	22124	2026-03-13
step0_concat	Run04_swab_barcode08	raw	12490	2026-03-13
step0_concat	Run02_soil_barcode11	raw	26479	2026-03-13
step0_concat	Run02_soil_barcode02	raw	27277	2026-03-13
step0_concat	Run03_swab_barcode18	raw	1983	2026-03-13
step0_concat	Run01_soil_barcode02	raw	38686	2026-03-13
step0_concat	Run05_fecal_barcode04	raw	21574	2026-03-13
step0_concat	Run03_swab_barcode19	raw	3752	2026-03-13
step0_concat	Run05_fecal_barcode01	raw	20226	2026-03-13
step0_concat	Run05_fecal_barcode02	raw	22010	2026-03-13
step0_concat	Run04_swab_barcode06	raw	24898	2026-03-13
step0_concat	Run02_soil_barcode04	raw	50909	2026-03-13
step0_concat	Run04_swab_barcode17	raw	26777	2026-03-13
step0_concat	Run02_soil_barcode01	raw	48047	2026-03-13
step0_concat	Run04_swab_barcode18	raw	33648	2026-03-13
step0_concat	Run01_soil_barcode09	raw	49887	2026-03-13
step0_concat	Run05_fecal_barcode05	raw	24331	2026-03-13
step0_concat	Run02_soil_barcode17	raw	25511	2026-03-13
step0_concat	Run05_fecal_barcode06	raw	23977	2026-03-13
step0_concat	Run02_soil_barcode21	raw	56902	2026-03-13
step0_concat	Run02_soil_barcode10	raw	43460	2026-03-13
step0_concat	Run05_fecal_barcode07	raw	26227	2026-03-13
step0_concat	Run02_soil_barcode16	raw	41204	2026-03-13
step0_concat	Run02_soil_barcode19	raw	47114	2026-03-13
step0_concat	Run02_soil_barcode18	raw	57783	2026-03-13
step0_concat	Run02_soil_barcode13	raw	71487	2026-03-13
step0_concat	Run01_soil_barcode18	raw	48861	2026-03-13
step0_concat	Run01_soil_barcode20	raw	48588	2026-03-13
step0_concat	Run01_soil_barcode21	raw	50882	2026-03-13
step0_concat	Run01_soil_barcode19	raw	53422	2026-03-13
step0_concat	Run01_soil_barcode22	raw	44863	2026-03-13
step0_concat	Run01_soil_barcode16	raw	58057	2026-03-13
step0_concat	Run01_soil_barcode14	raw	54886	2026-03-13
step0_concat	Run01_soil_barcode24	raw	56994	2026-03-13
step0_concat	Run01_soil_barcode07	raw	35432	2026-03-13
step0_concat	Run01_soil_barcode15	raw	64922	2026-03-13
step0_concat	Run04_swab_barcode22	raw	30880	2026-03-13
step0_concat	Run01_soil_barcode06	raw	59773	2026-03-13
step0_concat	Run01_soil_barcode04	raw	44051	2026-03-13
step0_concat	Run01_soil_barcode23	raw	75854	2026-03-13
step0_concat	Run02_soil_barcode12	raw	55733	2026-03-13
step0_concat	Run02_soil_barcode20	raw	64434	2026-03-13
step0_concat	Run01_soil_barcode11	raw	61295	2026-03-13
step0_concat	Run04_swab_barcode21	raw	61537	2026-03-13
step0_concat	Run04_swab_barcode01	raw	136388	2026-03-13
step0_concat	Run04_swab_barcode11	raw	153567	2026-03-13
step0_concat	Run02_soil_barcode03	raw	38488	2026-03-13
step0_concat	Run03_swab_barcode24	raw	7	2026-03-13
step0_concat	Run01_soil_barcode13	raw	15687	2026-03-13
step0_concat	Run03_swab_barcode20	raw	25023	2026-03-13
step0_concat	Run03_swab_barcode21	raw	20742	2026-03-13
step0_concat	Run01_soil_barcode12	raw	61876	2026-03-13
step0_concat	Run03_swab_barcode23	raw	78065	2026-03-13
step0_concat	Run04_swab_barcode13	raw	271452	2026-03-13
step0_concat	Run04_swab_barcode09	raw	10868	2026-03-13
step0_concat	Run04_swab_barcode03	raw	319638	2026-03-13
step0_concat	Run03_swab_barcode22	raw	663157	2026-03-13
step0_concat	Run05_fecal_barcode20	raw	13	2026-03-13
step0_concat	Run06_fecal_barcode20	raw	17166	2026-03-13
step0_concat	Run06_fecal_barcode10	raw	17185	2026-03-13
step0_concat	Run06_fecal_barcode21	raw	18232	2026-03-13
step0_concat	Run06_fecal_barcode11	raw	19452	2026-03-13
step0_concat	Run06_fecal_barcode09	raw	20899	2026-03-13
step0_concat	Run06_fecal_barcode17	raw	20895	2026-03-13
step0_concat	Run06_fecal_barcode18	raw	20733	2026-03-13
step0_concat	Run06_fecal_barcode08	raw	20012	2026-03-13
step0_concat	Run06_fecal_barcode23	raw	19589	2026-03-13
step0_concat	Run06_fecal_barcode01	raw	16948	2026-03-13
step0_concat	Run06_fecal_barcode22	raw	22203	2026-03-13
step0_concat	Run05_fecal_barcode11	raw	20705	2026-03-13
step0_concat	Run05_fecal_barcode10	raw	22419	2026-03-13
step0_concat	Run06_fecal_barcode04	raw	18895	2026-03-13
step0_concat	Run06_fecal_barcode05	raw	22780	2026-03-13
step0_concat	Run05_fecal_barcode15	raw	30714	2026-03-13
step0_concat	Run05_fecal_barcode17	raw	24367	2026-03-13
step0_concat	Run06_fecal_barcode06	raw	26156	2026-03-13
step0_concat	Run06_fecal_barcode02	raw	19400	2026-03-13
step0_concat	Run06_fecal_barcode19	raw	27559	2026-03-13
step0_concat	Run05_fecal_barcode18	raw	26801	2026-03-13
step0_concat	Run05_fecal_barcode14	raw	20152	2026-03-13
step0_concat	Run06_fecal_barcode24	raw	28412	2026-03-13
step0_concat	Run06_fecal_barcode03	raw	23975	2026-03-13
step0_concat	Run05_fecal_barcode13	raw	22042	2026-03-13
step0_concat	Run05_fecal_barcode12	raw	24449	2026-03-13
step0_concat	Run05_fecal_barcode19	raw	33901	2026-03-13
step0_concat	Run05_fecal_barcode16	raw	33116	2026-03-13
step0_concat	Run05_fecal_barcode08	raw	27402	2026-03-13
step0_concat	Run07_fecal_barcode15	raw	69993	2026-03-13
step0_concat	Run07_fecal_barcode10	raw	60390	2026-03-13
step0_concat	Run07_fecal_barcode17	raw	75661	2026-03-13
step0_concat	Run07_fecal_barcode18	raw	58331	2026-03-13
step0_concat	Run07_fecal_barcode11	raw	61408	2026-03-13
step0_concat	Run07_fecal_barcode16	raw	76319	2026-03-13
step0_concat	Run07_fecal_barcode09	raw	72855	2026-03-13
step0_concat	Run07_fecal_barcode12	raw	65947	2026-03-13
step0_concat	Run07_fecal_barcode13	raw	68921	2026-03-13
step0_concat	Run07_fecal_barcode20	raw	72295	2026-03-13
step0_concat	Run07_fecal_barcode21	raw	78941	2026-03-13
step0_concat	Run07_fecal_barcode19	raw	70742	2026-03-13
step0_concat	Run07_fecal_barcode22	raw	92729	2026-03-13
step0_concat	Run07_fecal_barcode23	raw	85133	2026-03-13
step0_concat	Run07_fecal_barcode24	raw	86590	2026-03-13
step0_concat	Run07_fecal_barcode14	raw	62941	2026-03-13
step1_qc	Run03_swab_barcode15	raw	99	2026-03-13
step1_qc	Run03_swab_barcode15	filtered	94	2026-03-13
step1_qc	Run01_soil_barcode05	raw	3360	2026-03-13
step1_qc	Run01_soil_barcode05	filtered	3096	2026-03-13
step1_qc	Run03_swab_barcode14	raw	38	2026-03-13
step1_qc	Run03_swab_barcode14	filtered	37	2026-03-13
step1_qc	Run05_fecal_barcode20	raw	13	2026-03-13
step1_qc	Run05_fecal_barcode20	filtered	10	2026-03-13
step1_qc	Run03_swab_barcode10	raw	5817	2026-03-13
step1_qc	Run03_swab_barcode10	filtered	5626	2026-03-13
step1_qc	Run02_soil_barcode22	raw	2	2026-03-13
step1_qc	Run03_swab_barcode05	raw	50	2026-03-13
step1_qc	Run02_soil_barcode22	filtered	2	2026-03-13
step1_qc	Run03_swab_barcode05	filtered	47	2026-03-13
step1_qc	Run03_swab_barcode09	raw	123	2026-03-13
step1_qc	Run03_swab_barcode02	raw	187	2026-03-13
step1_qc	Run03_swab_barcode09	filtered	116	2026-03-13
step1_qc	Run03_swab_barcode02	filtered	181	2026-03-13
step1_qc	Run03_swab_barcode01	raw	425	2026-03-13
step1_qc	Run03_swab_barcode01	filtered	398	2026-03-13
step1_qc	Run03_swab_barcode08	raw	976	2026-03-13
step1_qc	Run03_swab_barcode08	filtered	945	2026-03-13
step1_qc	Run03_swab_barcode11	raw	2795	2026-03-13
step1_qc	Run03_swab_barcode11	filtered	2712	2026-03-13
step1_qc	Run03_swab_barcode03	raw	1593	2026-03-13
step1_qc	Run03_swab_barcode03	filtered	1533	2026-03-13
step1_qc	Run03_swab_barcode07	raw	1933	2026-03-13
step1_qc	Run03_swab_barcode07	filtered	1881	2026-03-13
step1_qc	Run03_swab_barcode06	raw	1753	2026-03-13
step1_qc	Run03_swab_barcode06	filtered	1688	2026-03-13
step1_qc	Run03_swab_barcode04	raw	3861	2026-03-13
step1_qc	Run03_swab_barcode04	filtered	3733	2026-03-13
step1_qc	Run02_soil_barcode06	raw	8567	2026-03-13
step1_qc	Run02_soil_barcode06	filtered	8098	2026-03-13
step1_qc	Run02_soil_barcode07	raw	8409	2026-03-13
step1_qc	Run02_soil_barcode07	filtered	7965	2026-03-13
step1_qc	Run02_soil_barcode09	raw	13319	2026-03-13
step1_qc	Run02_soil_barcode09	filtered	12497	2026-03-13
step1_qc	Run01_soil_barcode10	raw	13487	2026-03-13
step1_qc	Run01_soil_barcode10	filtered	12481	2026-03-13
step1_qc	Run01_soil_barcode13	raw	15687	2026-03-13
step1_qc	Run01_soil_barcode13	filtered	14552	2026-03-13
step1_qc	Run01_soil_barcode17	raw	16933	2026-03-13
step1_qc	Run01_soil_barcode17	filtered	15864	2026-03-13
step1_qc	Run03_swab_barcode12	raw	14071	2026-03-13
step1_qc	Run03_swab_barcode12	filtered	13620	2026-03-13
step1_qc	Run01_soil_barcode03	raw	15109	2026-03-13
step1_qc	Run01_soil_barcode03	filtered	14232	2026-03-13
step1_qc	Run01_soil_barcode08	raw	18717	2026-03-13
step1_qc	Run01_soil_barcode08	filtered	17569	2026-03-13
step1_qc	Run06_fecal_barcode10	raw	17185	2026-03-13
step1_qc	Run06_fecal_barcode10	filtered	15387	2026-03-13
step1_qc	Run06_fecal_barcode08	raw	20012	2026-03-13
step1_qc	Run06_fecal_barcode08	filtered	17932	2026-03-13
step1_qc	Run06_fecal_barcode11	raw	19452	2026-03-13
step1_qc	Run06_fecal_barcode11	filtered	17642	2026-03-13
step1_qc	Run06_fecal_barcode04	raw	18895	2026-03-13
step1_qc	Run06_fecal_barcode04	filtered	16761	2026-03-13
step1_qc	Run03_swab_barcode13	raw	23193	2026-03-13
step1_qc	Run03_swab_barcode13	filtered	22389	2026-03-13
step1_qc	Run02_soil_barcode05	raw	20856	2026-03-13
step1_qc	Run06_fecal_barcode09	filtered	18687	2026-03-13
step1_qc	Run02_soil_barcode05	filtered	19510	2026-03-13
step1_qc	Run06_fecal_barcode01	raw	16948	2026-03-13
step1_qc	Run06_fecal_barcode01	filtered	14698	2026-03-13
step1_qc	Run06_fecal_barcode23	raw	19589	2026-03-13
step1_qc	Run06_fecal_barcode23	filtered	17389	2026-03-13
step1_qc	Run06_fecal_barcode02	raw	19400	2026-03-13
step1_qc	Run06_fecal_barcode02	filtered	17532	2026-03-13
step1_qc	Run02_soil_barcode08	raw	22124	2026-03-13
step1_qc	Run02_soil_barcode08	filtered	20747	2026-03-13
step1_qc	Run02_soil_barcode02	raw	27277	2026-03-13
step1_qc	Run02_soil_barcode02	filtered	25611	2026-03-13
step1_qc	Run06_fecal_barcode21	raw	18232	2026-03-13
step1_qc	Run06_fecal_barcode21	filtered	16098	2026-03-13
step1_qc	Run02_soil_barcode11	raw	26479	2026-03-13
step1_qc	Run02_soil_barcode11	filtered	24713	2026-03-13
step1_qc	Run06_fecal_barcode22	raw	22203	2026-03-13
step1_qc	Run06_fecal_barcode22	filtered	20363	2026-03-13
step1_qc	Run06_fecal_barcode03	raw	23975	2026-03-13
step1_qc	Run06_fecal_barcode03	filtered	22234	2026-03-13
step1_qc	Run01_soil_barcode01	raw	27900	2026-03-13
step1_qc	Run01_soil_barcode01	filtered	25621	2026-03-13
step1_qc	Run02_soil_barcode14	raw	25978	2026-03-13
step1_qc	Run02_soil_barcode14	filtered	24481	2026-03-13
step1_qc	Run02_soil_barcode17	raw	25511	2026-03-13
step1_qc	Run02_soil_barcode17	filtered	23947	2026-03-13
step1_qc	Run06_fecal_barcode20	raw	17166	2026-03-13
step1_qc	Run06_fecal_barcode20	filtered	15469	2026-03-13
step1_qc	Run06_fecal_barcode18	raw	20733	2026-03-13
step1_qc	Run06_fecal_barcode18	filtered	19359	2026-03-13
step1_qc	Run06_fecal_barcode17	raw	20895	2026-03-13
step1_qc	Run06_fecal_barcode17	filtered	19136	2026-03-13
step1_qc	Run06_fecal_barcode05	raw	22780	2026-03-13
step1_qc	Run06_fecal_barcode05	filtered	21241	2026-03-13
step1_qc	Run06_fecal_barcode19	raw	27559	2026-03-13
step1_qc	Run06_fecal_barcode19	filtered	25423	2026-03-13
step1_qc	Run06_fecal_barcode07	raw	24421	2026-03-13
step1_qc	Run06_fecal_barcode07	filtered	22622	2026-03-13
step1_qc	Run05_fecal_barcode19	raw	33901	2026-03-13
step1_qc	Run05_fecal_barcode19	filtered	32537	2026-03-13
step1_qc	Run06_fecal_barcode06	raw	26156	2026-03-13
step1_qc	Run01_soil_barcode07	raw	35432	2026-03-13
step1_qc	Run01_soil_barcode07	filtered	32213	2026-03-13
step1_qc	Run06_fecal_barcode24	raw	28412	2026-03-13
step1_qc	Run06_fecal_barcode24	filtered	26864	2026-03-13
step1_qc	Run01_soil_barcode02	raw	38686	2026-03-13
step1_qc	Run01_soil_barcode02	filtered	35059	2026-03-13
step1_qc	Run02_soil_barcode10	raw	43460	2026-03-13
step1_qc	Run02_soil_barcode10	filtered	39572	2026-03-13
step1_qc	Run02_soil_barcode03	raw	38488	2026-03-13
step1_qc	Run02_soil_barcode03	filtered	35948	2026-03-13
step1_qc	Run01_soil_barcode04	raw	44051	2026-03-13
step1_qc	Run01_soil_barcode04	filtered	39535	2026-03-13
step1_qc	Run01_soil_barcode18	raw	48861	2026-03-13
step1_qc	Run01_soil_barcode18	filtered	43417	2026-03-13
step1_qc	Run02_soil_barcode16	raw	41204	2026-03-13
step1_qc	Run02_soil_barcode16	filtered	38292	2026-03-13
step1_qc	Run01_soil_barcode21	raw	50882	2026-03-13
step1_qc	Run01_soil_barcode21	filtered	44101	2026-03-13
step1_qc	Run02_soil_barcode04	raw	50909	2026-03-13
step1_qc	Run02_soil_barcode04	filtered	44686	2026-03-13
step1_qc	Run02_soil_barcode01	raw	48047	2026-03-13
step1_qc	Run02_soil_barcode01	filtered	42285	2026-03-13
step1_qc	Run01_soil_barcode19	raw	53422	2026-03-13
step1_qc	Run01_soil_barcode19	filtered	48363	2026-03-13
step1_qc	Run01_soil_barcode22	raw	44863	2026-03-13
step1_qc	Run01_soil_barcode22	filtered	41362	2026-03-13
step1_qc	Run02_soil_barcode19	raw	47114	2026-03-13
step1_qc	Run02_soil_barcode19	filtered	42177	2026-03-13
step1_qc	Run01_soil_barcode20	raw	48588	2026-03-13
step1_qc	Run01_soil_barcode20	filtered	43748	2026-03-13
step1_qc	Run01_soil_barcode09	raw	49887	2026-03-13
step1_qc	Run01_soil_barcode09	filtered	45043	2026-03-13
step1_qc	Run01_soil_barcode11	raw	61295	2026-03-13
step1_qc	Run01_soil_barcode11	filtered	51825	2026-03-13
step1_qc	Run01_soil_barcode14	raw	54886	2026-03-13
step1_qc	Run01_soil_barcode14	filtered	48043	2026-03-13
step1_qc	Run01_soil_barcode16	raw	58057	2026-03-13
step1_qc	Run01_soil_barcode16	filtered	49664	2026-03-13
step1_qc	Run07_fecal_barcode11	raw	61408	2026-03-13
step1_qc	Run07_fecal_barcode11	filtered	54915	2026-03-13
step1_qc	Run02_soil_barcode12	raw	55733	2026-03-13
step1_qc	Run02_soil_barcode12	filtered	50143	2026-03-13
step1_qc	Run01_soil_barcode24	raw	56994	2026-03-13
step1_qc	Run01_soil_barcode24	filtered	50222	2026-03-13
step1_qc	Run02_soil_barcode21	raw	56902	2026-03-13
step1_qc	Run02_soil_barcode21	filtered	49444	2026-03-13
step1_qc	Run01_soil_barcode12	raw	61876	2026-03-13
step1_qc	Run01_soil_barcode12	filtered	55950	2026-03-13
step1_qc	Run02_soil_barcode15	raw	16014	2026-03-13
step1_qc	Run02_soil_barcode15	filtered	15039	2026-03-13
step1_qc	Run07_fecal_barcode18	raw	58331	2026-03-13
step1_qc	Run07_fecal_barcode18	filtered	52014	2026-03-13
step1_qc	Run01_soil_barcode06	raw	59773	2026-03-13
step1_qc	Run01_soil_barcode06	filtered	53565	2026-03-13
step1_qc	Run07_fecal_barcode14	raw	62941	2026-03-13
step1_qc	Run07_fecal_barcode14	filtered	54771	2026-03-13
step1_qc	Run07_fecal_barcode10	raw	60390	2026-03-13
step1_qc	Run07_fecal_barcode10	filtered	54130	2026-03-13
step1_qc	Run01_soil_barcode15	raw	64922	2026-03-13
step1_qc	Run01_soil_barcode15	filtered	57599	2026-03-13
step1_qc	Run07_fecal_barcode13	raw	68921	2026-03-13
step1_qc	Run07_fecal_barcode13	filtered	62204	2026-03-13
step1_qc	Run01_soil_barcode23	raw	75854	2026-03-13
step1_qc	Run01_soil_barcode23	filtered	62337	2026-03-13
step1_qc	Run02_soil_barcode18	raw	57783	2026-03-13
step1_qc	Run02_soil_barcode18	filtered	52353	2026-03-13
step1_qc	Run07_fecal_barcode19	raw	70742	2026-03-13
step1_qc	Run07_fecal_barcode19	filtered	63397	2026-03-13
step1_qc	Run02_soil_barcode20	raw	64434	2026-03-13
step1_qc	Run02_soil_barcode20	filtered	57895	2026-03-13
step1_qc	Run07_fecal_barcode20	raw	72295	2026-03-13
step1_qc	Run07_fecal_barcode20	filtered	64610	2026-03-13
step1_qc	Run07_fecal_barcode15	raw	69993	2026-03-13
step1_qc	Run07_fecal_barcode15	filtered	60362	2026-03-13
step1_qc	Run07_fecal_barcode21	raw	78941	2026-03-13
step1_qc	Run07_fecal_barcode21	filtered	70018	2026-03-13
step1_qc	Run07_fecal_barcode12	raw	65947	2026-03-13
step1_qc	Run07_fecal_barcode12	filtered	58934	2026-03-13
step1_qc	Run07_fecal_barcode09	raw	72855	2026-03-13
step1_qc	Run07_fecal_barcode09	filtered	67226	2026-03-13
step1_qc	Run07_fecal_barcode17	raw	75661	2026-03-13
step1_qc	Run07_fecal_barcode17	filtered	67695	2026-03-13
step1_qc	Run02_soil_barcode13	raw	71487	2026-03-13
step1_qc	Run02_soil_barcode13	filtered	61676	2026-03-13
step1_qc	Run07_fecal_barcode16	raw	76319	2026-03-13
step1_qc	Run07_fecal_barcode16	filtered	67436	2026-03-13
step1_qc	Run07_fecal_barcode23	raw	85133	2026-03-13
step1_qc	Run07_fecal_barcode23	filtered	76431	2026-03-13
step1_qc	Run07_fecal_barcode24	raw	86590	2026-03-13
step1_qc	Run07_fecal_barcode24	filtered	76829	2026-03-13
step1_qc	Run07_fecal_barcode22	raw	92729	2026-03-13
step1_qc	Run07_fecal_barcode22	filtered	82318	2026-03-13
step1_qc	Run03_swab_barcode24	raw	7	2026-03-13
step1_qc	Run03_swab_barcode24	filtered	7	2026-03-13
step1_qc	Run04_swab_barcode07	raw	779	2026-03-13
step1_qc	Run04_swab_barcode07	filtered	758	2026-03-13
step1_qc	Run03_swab_barcode18	raw	1983	2026-03-13
step1_qc	Run03_swab_barcode18	filtered	1917	2026-03-13
step1_qc	Run04_swab_barcode23	raw	1104	2026-03-13
step1_qc	Run04_swab_barcode23	filtered	1070	2026-03-13
step1_qc	Run03_swab_barcode19	raw	3752	2026-03-13
step1_qc	Run03_swab_barcode19	filtered	3607	2026-03-13
step1_qc	Run04_swab_barcode05	raw	3617	2026-03-13
step1_qc	Run04_swab_barcode05	filtered	3510	2026-03-13
step1_qc	Run03_swab_barcode17	raw	3173	2026-03-13
step1_qc	Run03_swab_barcode17	filtered	3084	2026-03-13
step1_qc	Run04_swab_barcode10	raw	5065	2026-03-13
step1_qc	Run04_swab_barcode10	filtered	4907	2026-03-13
step1_qc	Run04_swab_barcode20	raw	4350	2026-03-13
step1_qc	Run04_swab_barcode20	filtered	4238	2026-03-13
step1_qc	Run04_swab_barcode04	raw	6804	2026-03-13
step1_qc	Run04_swab_barcode04	filtered	6597	2026-03-13
step1_qc	Run04_swab_barcode09	raw	10868	2026-03-13
step1_qc	Run04_swab_barcode09	filtered	10552	2026-03-13
step1_qc	Run04_swab_barcode16	raw	10655	2026-03-13
step1_qc	Run04_swab_barcode16	filtered	10425	2026-03-13
step1_qc	Run04_swab_barcode12	raw	10212	2026-03-13
step1_qc	Run04_swab_barcode12	filtered	9890	2026-03-13
step1_qc	Run04_swab_barcode08	raw	12490	2026-03-13
step1_qc	Run04_swab_barcode08	filtered	12124	2026-03-13
step1_qc	Run04_swab_barcode14	raw	13037	2026-03-13
step1_qc	Run04_swab_barcode14	filtered	12673	2026-03-13
step1_qc	Run04_swab_barcode15	raw	13061	2026-03-13
step1_qc	Run04_swab_barcode15	filtered	12688	2026-03-13
step1_qc	Run04_swab_barcode19	raw	13887	2026-03-13
step1_qc	Run04_swab_barcode19	filtered	13554	2026-03-13
step1_qc	Run03_swab_barcode21	raw	20742	2026-03-13
step1_qc	Run03_swab_barcode21	filtered	20066	2026-03-13
step1_qc	Run05_fecal_barcode14	raw	20152	2026-03-13
step1_qc	Run05_fecal_barcode14	filtered	17594	2026-03-13
step1_qc	Run05_fecal_barcode11	raw	20705	2026-03-13
step1_qc	Run05_fecal_barcode11	filtered	18291	2026-03-13
step1_qc	Run05_fecal_barcode09	raw	22270	2026-03-13
step1_qc	Run05_fecal_barcode09	filtered	19746	2026-03-13
step1_qc	Run05_fecal_barcode10	raw	22419	2026-03-13
step1_qc	Run05_fecal_barcode10	filtered	20280	2026-03-13
step1_qc	Run05_fecal_barcode17	raw	24367	2026-03-13
step1_qc	Run05_fecal_barcode17	filtered	21943	2026-03-13
step1_qc	Run05_fecal_barcode13	raw	22042	2026-03-13
step1_qc	Run05_fecal_barcode13	filtered	19796	2026-03-13
step1_qc	Run03_swab_barcode16	raw	20818	2026-03-13
step1_qc	Run03_swab_barcode16	filtered	20273	2026-03-13
step1_qc	Run05_fecal_barcode06	raw	23977	2026-03-13
step1_qc	Run05_fecal_barcode06	filtered	21412	2026-03-13
step1_qc	Run05_fecal_barcode05	raw	24331	2026-03-13
step1_qc	Run05_fecal_barcode05	filtered	22193	2026-03-13
step1_qc	Run05_fecal_barcode08	raw	27402	2026-03-13
step1_qc	Run05_fecal_barcode08	filtered	25166	2026-03-13
step1_qc	Run05_fecal_barcode12	raw	24449	2026-03-13
step1_qc	Run05_fecal_barcode12	filtered	22465	2026-03-13
step1_qc	Run05_fecal_barcode03	raw	19210	2026-03-13
step1_qc	Run05_fecal_barcode03	filtered	17076	2026-03-13
step1_qc	Run05_fecal_barcode07	raw	26227	2026-03-13
step1_qc	Run05_fecal_barcode07	filtered	24124	2026-03-13
step1_qc	Run03_swab_barcode20	raw	25023	2026-03-13
step1_qc	Run03_swab_barcode20	filtered	24276	2026-03-13
step1_qc	Run04_swab_barcode06	raw	24898	2026-03-13
step1_qc	Run04_swab_barcode06	filtered	24275	2026-03-13
step1_qc	Run05_fecal_barcode01	raw	20226	2026-03-13
step1_qc	Run05_fecal_barcode01	filtered	17161	2026-03-13
step1_qc	Run04_swab_barcode22	raw	30880	2026-03-13
step1_qc	Run04_swab_barcode22	filtered	30102	2026-03-13
step1_qc	Run05_fecal_barcode04	raw	21574	2026-03-13
step1_qc	Run05_fecal_barcode04	filtered	19099	2026-03-13
step1_qc	Run05_fecal_barcode18	raw	26801	2026-03-13
step1_qc	Run05_fecal_barcode18	filtered	24643	2026-03-13
step1_qc	Run04_swab_barcode17	raw	26777	2026-03-13
step1_qc	Run04_swab_barcode17	filtered	26127	2026-03-13
step1_qc	Run05_fecal_barcode02	raw	22010	2026-03-13
step1_qc	Run05_fecal_barcode02	filtered	20211	2026-03-13
step1_qc	Run04_swab_barcode02	raw	23059	2026-03-13
step1_qc	Run04_swab_barcode02	filtered	22420	2026-03-13
step1_qc	Run05_fecal_barcode15	raw	30714	2026-03-13
step1_qc	Run05_fecal_barcode15	filtered	29165	2026-03-13
step1_qc	Run05_fecal_barcode16	raw	33116	2026-03-13
step1_qc	Run05_fecal_barcode16	filtered	31451	2026-03-13
step1_qc	Run04_swab_barcode18	raw	33648	2026-03-13
step1_qc	Run04_swab_barcode18	filtered	32833	2026-03-13
step1_qc	Run04_swab_barcode21	raw	61537	2026-03-13
step1_qc	Run04_swab_barcode21	filtered	59734	2026-03-13
step1_qc	Run03_swab_barcode23	raw	78065	2026-03-13
step1_qc	Run03_swab_barcode23	filtered	75282	2026-03-13
step1_qc	Run04_swab_barcode01	raw	136388	2026-03-13
step1_qc	Run04_swab_barcode01	filtered	132281	2026-03-13
step1_qc	Run04_swab_barcode11	raw	153567	2026-03-13
step1_qc	Run04_swab_barcode11	filtered	149359	2026-03-13
step1_qc	Run04_swab_barcode13	raw	271452	2026-03-13
step1_qc	Run04_swab_barcode13	filtered	264145	2026-03-13
step1_qc	Run04_swab_barcode03	raw	319638	2026-03-13
step1_qc	Run04_swab_barcode03	filtered	310436	2026-03-13
step1_qc	Run03_swab_barcode22	raw	663157	2026-03-13
step1_qc	Run03_swab_barcode22	filtered	627232	2026-03-13
step1_qc	Run06_fecal_barcode09	raw	20899	2026-03-13
step1_qc	Run06_fecal_barcode06	filtered	24346	2026-03-13
step2_trim	Run02_soil_barcode22	pre_trim	2	2026-03-13
step2_trim	Run02_soil_barcode22	post_trim	0	2026-03-13
step2_trim	Run01_soil_barcode05	pre_trim	3096	2026-03-13
step2_trim	Run01_soil_barcode05	post_trim	62	2026-03-13
step2_trim	Run03_swab_barcode02	pre_trim	181	2026-03-13
step2_trim	Run03_swab_barcode02	post_trim	7	2026-03-13
step2_trim	Run03_swab_barcode01	pre_trim	398	2026-03-13
step2_trim	Run03_swab_barcode01	post_trim	6	2026-03-13
step2_trim	Run02_soil_barcode09	pre_trim	12497	2026-03-13
step2_trim	Run02_soil_barcode09	post_trim	306	2026-03-13
step2_trim	Run02_soil_barcode06	pre_trim	8098	2026-03-13
step2_trim	Run02_soil_barcode06	post_trim	304	2026-03-13
step2_trim	Run02_soil_barcode07	pre_trim	7965	2026-03-13
step2_trim	Run02_soil_barcode07	post_trim	168	2026-03-13
step2_trim	Run01_soil_barcode17	pre_trim	15864	2026-03-13
step2_trim	Run01_soil_barcode17	post_trim	488	2026-03-13
step2_trim	Run02_soil_barcode15	pre_trim	15039	2026-03-13
step2_trim	Run02_soil_barcode15	post_trim	517	2026-03-13
step2_trim	Run01_soil_barcode13	pre_trim	14552	2026-03-13
step2_trim	Run01_soil_barcode13	post_trim	741	2026-03-13
step2_trim	Run01_soil_barcode10	pre_trim	12481	2026-03-13
step2_trim	Run01_soil_barcode10	post_trim	187	2026-03-13
step2_trim	Run02_soil_barcode08	pre_trim	20747	2026-03-13
step2_trim	Run02_soil_barcode08	post_trim	886	2026-03-13
step2_trim	Run02_soil_barcode05	pre_trim	19510	2026-03-13
step2_trim	Run02_soil_barcode05	post_trim	464	2026-03-13
step2_trim	Run01_soil_barcode08	pre_trim	17569	2026-03-13
step2_trim	Run01_soil_barcode08	post_trim	688	2026-03-13
step2_trim	Run02_soil_barcode17	pre_trim	23947	2026-03-13
step2_trim	Run02_soil_barcode17	post_trim	694	2026-03-13
step2_trim	Run02_soil_barcode11	pre_trim	24713	2026-03-13
step2_trim	Run02_soil_barcode11	post_trim	620	2026-03-13
step2_trim	Run02_soil_barcode14	pre_trim	24481	2026-03-13
step2_trim	Run02_soil_barcode14	post_trim	764	2026-03-13
step2_trim	Run02_soil_barcode02	pre_trim	25611	2026-03-13
step2_trim	Run02_soil_barcode02	post_trim	1162	2026-03-13
step2_trim	Run01_soil_barcode18	pre_trim	43417	2026-03-13
step2_trim	Run01_soil_barcode18	post_trim	1046	2026-03-13
step2_trim	Run01_soil_barcode07	pre_trim	32213	2026-03-13
step2_trim	Run01_soil_barcode07	post_trim	640	2026-03-13
step2_trim	Run01_soil_barcode04	pre_trim	39535	2026-03-13
step2_trim	Run01_soil_barcode04	post_trim	3231	2026-03-13
step2_trim	Run01_soil_barcode20	pre_trim	43748	2026-03-13
step2_trim	Run01_soil_barcode20	post_trim	3941	2026-03-13
step2_trim	Run01_soil_barcode03	pre_trim	14232	2026-03-13
step2_trim	Run01_soil_barcode03	post_trim	353	2026-03-13
step2_trim	Run01_soil_barcode19	pre_trim	48363	2026-03-13
step2_trim	Run01_soil_barcode19	post_trim	1388	2026-03-13
step2_trim	Run02_soil_barcode03	pre_trim	35948	2026-03-13
step2_trim	Run02_soil_barcode03	post_trim	1014	2026-03-13
step2_trim	Run02_soil_barcode21	pre_trim	49444	2026-03-13
step2_trim	Run02_soil_barcode21	post_trim	1159	2026-03-13
step2_trim	Run02_soil_barcode16	pre_trim	38292	2026-03-13
step2_trim	Run02_soil_barcode16	post_trim	776	2026-03-13
step2_trim	Run02_soil_barcode10	pre_trim	39572	2026-03-13
step2_trim	Run02_soil_barcode10	post_trim	600	2026-03-13
step2_trim	Run02_soil_barcode19	pre_trim	42177	2026-03-13
step2_trim	Run02_soil_barcode19	post_trim	1194	2026-03-13
step2_trim	Run01_soil_barcode09	pre_trim	45043	2026-03-13
step2_trim	Run01_soil_barcode09	post_trim	1334	2026-03-13
step2_trim	Run02_soil_barcode04	pre_trim	44686	2026-03-13
step2_trim	Run02_soil_barcode04	post_trim	2990	2026-03-13
step2_trim	Run02_soil_barcode01	pre_trim	42285	2026-03-13
step2_trim	Run02_soil_barcode01	post_trim	982	2026-03-13
step2_trim	Run01_soil_barcode01	pre_trim	25621	2026-03-13
step2_trim	Run01_soil_barcode01	post_trim	450	2026-03-13
step2_trim	Run01_soil_barcode14	pre_trim	48043	2026-03-13
step2_trim	Run01_soil_barcode14	post_trim	1593	2026-03-13
step2_trim	Run01_soil_barcode16	pre_trim	49664	2026-03-13
step2_trim	Run01_soil_barcode16	post_trim	1046	2026-03-13
step2_trim	Run01_soil_barcode06	pre_trim	53565	2026-03-13
step2_trim	Run01_soil_barcode06	post_trim	2064	2026-03-13
step2_trim	Run01_soil_barcode24	pre_trim	50222	2026-03-13
step2_trim	Run01_soil_barcode24	post_trim	1468	2026-03-13
step2_trim	Run02_soil_barcode12	pre_trim	50143	2026-03-13
step2_trim	Run02_soil_barcode12	post_trim	1537	2026-03-13
step2_trim	Run02_soil_barcode18	pre_trim	52353	2026-03-13
step2_trim	Run02_soil_barcode18	post_trim	1239	2026-03-13
step2_trim	Run01_soil_barcode11	pre_trim	51825	2026-03-13
step2_trim	Run01_soil_barcode11	post_trim	1545	2026-03-13
step2_trim	Run01_soil_barcode02	pre_trim	35059	2026-03-13
step2_trim	Run01_soil_barcode02	post_trim	1596	2026-03-13
step2_trim	Run01_soil_barcode15	pre_trim	57599	2026-03-13
step2_trim	Run01_soil_barcode15	post_trim	2207	2026-03-13
step2_trim	Run01_soil_barcode12	pre_trim	55950	2026-03-13
step2_trim	Run01_soil_barcode12	post_trim	1600	2026-03-13
step2_trim	Run02_soil_barcode13	pre_trim	61676	2026-03-13
step2_trim	Run02_soil_barcode13	post_trim	3119	2026-03-13
step2_trim	Run02_soil_barcode20	pre_trim	57895	2026-03-13
step2_trim	Run02_soil_barcode20	post_trim	5171	2026-03-13
step2_trim	Run01_soil_barcode22	pre_trim	41362	2026-03-13
step2_trim	Run01_soil_barcode22	post_trim	1053	2026-03-13
step2_trim	Run01_soil_barcode21	pre_trim	44101	2026-03-13
step2_trim	Run01_soil_barcode21	post_trim	1063	2026-03-13
step2_trim	Run01_soil_barcode23	pre_trim	62337	2026-03-13
step2_trim	Run01_soil_barcode23	post_trim	3116	2026-03-13
step2_trim	Run03_swab_barcode14	pre_trim	37	2026-03-13
step2_trim	Run03_swab_barcode14	post_trim	2	2026-03-13
step2_trim	Run03_swab_barcode24	pre_trim	7	2026-03-13
step2_trim	Run03_swab_barcode24	post_trim	0	2026-03-13
step2_trim	Run03_swab_barcode11	pre_trim	2712	2026-03-13
step2_trim	Run03_swab_barcode11	post_trim	75	2026-03-13
step2_trim	Run04_swab_barcode07	pre_trim	758	2026-03-13
step2_trim	Run04_swab_barcode07	post_trim	18	2026-03-13
step2_trim	Run04_swab_barcode23	pre_trim	1070	2026-03-13
step2_trim	Run04_swab_barcode23	post_trim	31	2026-03-13
step2_trim	Run03_swab_barcode05	pre_trim	47	2026-03-13
step2_trim	Run03_swab_barcode05	post_trim	2	2026-03-13
step2_trim	Run03_swab_barcode09	pre_trim	116	2026-03-13
step2_trim	Run03_swab_barcode09	post_trim	4	2026-03-13
step2_trim	Run04_swab_barcode05	pre_trim	3510	2026-03-13
step2_trim	Run04_swab_barcode05	post_trim	68	2026-03-13
step2_trim	Run04_swab_barcode19	pre_trim	13554	2026-03-13
step2_trim	Run04_swab_barcode19	post_trim	329	2026-03-13
step2_trim	Run03_swab_barcode08	pre_trim	945	2026-03-13
step2_trim	Run03_swab_barcode08	post_trim	29	2026-03-13
step2_trim	Run03_swab_barcode06	pre_trim	1688	2026-03-13
step2_trim	Run03_swab_barcode06	post_trim	51	2026-03-13
step2_trim	Run03_swab_barcode18	pre_trim	1917	2026-03-13
step2_trim	Run03_swab_barcode18	post_trim	35	2026-03-13
step2_trim	Run03_swab_barcode04	pre_trim	3733	2026-03-13
step2_trim	Run03_swab_barcode04	post_trim	193	2026-03-13
step2_trim	Run03_swab_barcode07	pre_trim	1881	2026-03-13
step2_trim	Run03_swab_barcode07	post_trim	28	2026-03-13
step2_trim	Run04_swab_barcode20	pre_trim	4238	2026-03-13
step2_trim	Run04_swab_barcode20	post_trim	343	2026-03-13
step2_trim	Run04_swab_barcode04	pre_trim	6597	2026-03-13
step2_trim	Run04_swab_barcode04	post_trim	373	2026-03-13
step2_trim	Run03_swab_barcode12	pre_trim	13620	2026-03-13
step2_trim	Run03_swab_barcode12	post_trim	299	2026-03-13
step2_trim	Run03_swab_barcode19	pre_trim	3607	2026-03-13
step2_trim	Run03_swab_barcode19	post_trim	68	2026-03-13
step2_trim	Run04_swab_barcode08	pre_trim	12124	2026-03-13
step2_trim	Run04_swab_barcode08	post_trim	422	2026-03-13
step2_trim	Run04_swab_barcode10	pre_trim	4907	2026-03-13
step2_trim	Run04_swab_barcode10	post_trim	61	2026-03-13
step2_trim	Run03_swab_barcode03	pre_trim	1533	2026-03-13
step2_trim	Run03_swab_barcode03	post_trim	21	2026-03-13
step2_trim	Run03_swab_barcode10	pre_trim	5626	2026-03-13
step2_trim	Run03_swab_barcode10	post_trim	49	2026-03-13
step2_trim	Run04_swab_barcode16	pre_trim	10425	2026-03-13
step2_trim	Run04_swab_barcode16	post_trim	187	2026-03-13
step2_trim	Run04_swab_barcode15	pre_trim	12688	2026-03-13
step2_trim	Run04_swab_barcode15	post_trim	343	2026-03-13
step2_trim	Run04_swab_barcode09	pre_trim	10552	2026-03-13
step2_trim	Run04_swab_barcode09	post_trim	243	2026-03-13
step2_trim	Run05_fecal_barcode01	pre_trim	17161	2026-03-13
step2_trim	Run05_fecal_barcode01	post_trim	353	2026-03-13
step2_trim	Run05_fecal_barcode03	pre_trim	17076	2026-03-13
step2_trim	Run05_fecal_barcode03	post_trim	393	2026-03-13
step2_trim	Run03_swab_barcode13	pre_trim	22389	2026-03-13
step2_trim	Run03_swab_barcode13	post_trim	921	2026-03-13
step2_trim	Run05_fecal_barcode02	pre_trim	20211	2026-03-13
step2_trim	Run05_fecal_barcode02	post_trim	855	2026-03-13
step2_trim	Run03_swab_barcode15	pre_trim	94	2026-03-13
step2_trim	Run03_swab_barcode15	post_trim	3	2026-03-13
step2_trim	Run04_swab_barcode18	pre_trim	32833	2026-03-13
step2_trim	Run04_swab_barcode18	post_trim	716	2026-03-13
step2_trim	Run03_swab_barcode21	pre_trim	20066	2026-03-13
step2_trim	Run03_swab_barcode21	post_trim	299	2026-03-13
step2_trim	Run04_swab_barcode02	pre_trim	22420	2026-03-13
step2_trim	Run04_swab_barcode02	post_trim	915	2026-03-13
step2_trim	Run04_swab_barcode12	pre_trim	9890	2026-03-13
step2_trim	Run04_swab_barcode12	post_trim	217	2026-03-13
step2_trim	Run04_swab_barcode14	pre_trim	12673	2026-03-13
step2_trim	Run04_swab_barcode14	post_trim	360	2026-03-13
step2_trim	Run04_swab_barcode06	pre_trim	24275	2026-03-13
step2_trim	Run04_swab_barcode06	post_trim	865	2026-03-13
step2_trim	Run04_swab_barcode17	pre_trim	26127	2026-03-13
step2_trim	Run04_swab_barcode17	post_trim	682	2026-03-13
step2_trim	Run05_fecal_barcode06	pre_trim	21412	2026-03-13
step2_trim	Run05_fecal_barcode06	post_trim	1136	2026-03-13
step2_trim	Run03_swab_barcode20	pre_trim	24276	2026-03-13
step2_trim	Run03_swab_barcode20	post_trim	2156	2026-03-13
step2_trim	Run05_fecal_barcode05	pre_trim	22193	2026-03-13
step2_trim	Run05_fecal_barcode05	post_trim	593	2026-03-13
step2_trim	Run05_fecal_barcode07	pre_trim	24124	2026-03-13
step2_trim	Run05_fecal_barcode07	post_trim	449	2026-03-13
step2_trim	Run04_swab_barcode22	pre_trim	30102	2026-03-13
step2_trim	Run04_swab_barcode22	post_trim	610	2026-03-13
step2_trim	Run05_fecal_barcode04	pre_trim	19099	2026-03-13
step2_trim	Run05_fecal_barcode04	post_trim	1157	2026-03-13
step2_trim	Run03_swab_barcode17	pre_trim	3084	2026-03-13
step2_trim	Run03_swab_barcode17	post_trim	90	2026-03-13
step2_trim	Run04_swab_barcode21	pre_trim	59734	2026-03-13
step2_trim	Run04_swab_barcode21	post_trim	1059	2026-03-13
step2_trim	Run03_swab_barcode23	pre_trim	75282	2026-03-13
step2_trim	Run03_swab_barcode23	post_trim	2900	2026-03-13
step2_trim	Run03_swab_barcode16	pre_trim	20273	2026-03-13
step2_trim	Run03_swab_barcode16	post_trim	305	2026-03-13
step2_trim	Run05_fecal_barcode20	pre_trim	10	2026-03-13
step2_trim	Run05_fecal_barcode20	post_trim	3	2026-03-13
step2_trim	Run06_fecal_barcode01	pre_trim	14698	2026-03-13
step2_trim	Run06_fecal_barcode01	post_trim	266	2026-03-13
step2_trim	Run06_fecal_barcode10	pre_trim	15387	2026-03-13
step2_trim	Run06_fecal_barcode10	post_trim	267	2026-03-13
step2_trim	Run04_swab_barcode01	pre_trim	132281	2026-03-13
step2_trim	Run04_swab_barcode01	post_trim	2181	2026-03-13
step2_trim	Run06_fecal_barcode02	pre_trim	17532	2026-03-13
step2_trim	Run06_fecal_barcode02	post_trim	748	2026-03-13
step2_trim	Run05_fecal_barcode18	pre_trim	24643	2026-03-13
step2_trim	Run05_fecal_barcode18	post_trim	496	2026-03-13
step2_trim	Run05_fecal_barcode14	pre_trim	17594	2026-03-13
step2_trim	Run05_fecal_barcode14	post_trim	521	2026-03-13
step2_trim	Run06_fecal_barcode08	pre_trim	17932	2026-03-13
step2_trim	Run06_fecal_barcode08	post_trim	790	2026-03-13
step2_trim	Run05_fecal_barcode09	pre_trim	19746	2026-03-13
step2_trim	Run05_fecal_barcode09	post_trim	465	2026-03-13
step2_trim	Run06_fecal_barcode23	pre_trim	17389	2026-03-13
step2_trim	Run06_fecal_barcode23	post_trim	769	2026-03-13
step2_trim	Run05_fecal_barcode10	pre_trim	20280	2026-03-13
step2_trim	Run05_fecal_barcode10	post_trim	419	2026-03-13
step2_trim	Run05_fecal_barcode13	pre_trim	19796	2026-03-13
step2_trim	Run05_fecal_barcode13	post_trim	888	2026-03-13
step2_trim	Run06_fecal_barcode09	pre_trim	18687	2026-03-13
step2_trim	Run06_fecal_barcode09	post_trim	537	2026-03-13
step2_trim	Run06_fecal_barcode05	pre_trim	21241	2026-03-13
step2_trim	Run06_fecal_barcode05	post_trim	524	2026-03-13
step2_trim	Run05_fecal_barcode17	pre_trim	21943	2026-03-13
step2_trim	Run05_fecal_barcode17	post_trim	551	2026-03-13
step2_trim	Run06_fecal_barcode07	pre_trim	22622	2026-03-13
step2_trim	Run06_fecal_barcode07	post_trim	490	2026-03-13
step2_trim	Run05_fecal_barcode12	pre_trim	22465	2026-03-13
step2_trim	Run05_fecal_barcode12	post_trim	708	2026-03-13
step2_trim	Run06_fecal_barcode06	pre_trim	24346	2026-03-13
step2_trim	Run06_fecal_barcode06	post_trim	1105	2026-03-13
step2_trim	Run05_fecal_barcode19	pre_trim	32537	2026-03-13
step2_trim	Run05_fecal_barcode19	post_trim	783	2026-03-13
step2_trim	Run05_fecal_barcode11	pre_trim	18291	2026-03-13
step2_trim	Run05_fecal_barcode11	post_trim	467	2026-03-13
step2_trim	Run05_fecal_barcode15	pre_trim	29165	2026-03-13
step2_trim	Run05_fecal_barcode15	post_trim	1002	2026-03-13
step2_trim	Run06_fecal_barcode24	pre_trim	26864	2026-03-13
step2_trim	Run06_fecal_barcode24	post_trim	823	2026-03-13
step2_trim	Run04_swab_barcode11	pre_trim	149359	2026-03-13
step2_trim	Run04_swab_barcode11	post_trim	3521	2026-03-13
step2_trim	Run05_fecal_barcode16	pre_trim	31451	2026-03-13
step2_trim	Run05_fecal_barcode16	post_trim	558	2026-03-13
step2_trim	Run05_fecal_barcode08	pre_trim	25166	2026-03-13
step2_trim	Run05_fecal_barcode08	post_trim	1094	2026-03-13
step2_trim	Run06_fecal_barcode21	pre_trim	16098	2026-03-13
step2_trim	Run06_fecal_barcode21	post_trim	384	2026-03-13
step2_trim	Run06_fecal_barcode20	pre_trim	15469	2026-03-13
step2_trim	Run06_fecal_barcode20	post_trim	1314	2026-03-13
step2_trim	Run06_fecal_barcode11	pre_trim	17642	2026-03-13
step2_trim	Run06_fecal_barcode11	post_trim	487	2026-03-13
step2_trim	Run06_fecal_barcode17	pre_trim	19136	2026-03-13
step2_trim	Run06_fecal_barcode17	post_trim	522	2026-03-13
step2_trim	Run06_fecal_barcode22	pre_trim	20363	2026-03-13
step2_trim	Run06_fecal_barcode22	post_trim	397	2026-03-13
step2_trim	Run06_fecal_barcode18	pre_trim	19359	2026-03-13
step2_trim	Run06_fecal_barcode18	post_trim	372	2026-03-13
step2_trim	Run07_fecal_barcode18	pre_trim	52014	2026-03-13
step2_trim	Run07_fecal_barcode18	post_trim	1647	2026-03-13
step2_trim	Run06_fecal_barcode19	pre_trim	25423	2026-03-13
step2_trim	Run06_fecal_barcode19	post_trim	590	2026-03-13
step2_trim	Run07_fecal_barcode14	pre_trim	54771	2026-03-13
step2_trim	Run07_fecal_barcode14	post_trim	2318	2026-03-13
step2_trim	Run07_fecal_barcode19	pre_trim	63397	2026-03-13
step2_trim	Run07_fecal_barcode19	post_trim	2015	2026-03-13
step2_trim	Run07_fecal_barcode10	pre_trim	54130	2026-03-13
step2_trim	Run07_fecal_barcode10	post_trim	1430	2026-03-13
step2_trim	Run07_fecal_barcode13	pre_trim	62204	2026-03-13
step2_trim	Run07_fecal_barcode13	post_trim	3704	2026-03-13
step2_trim	Run07_fecal_barcode15	pre_trim	60362	2026-03-13
step2_trim	Run07_fecal_barcode15	post_trim	2600	2026-03-13
step2_trim	Run07_fecal_barcode12	pre_trim	58934	2026-03-13
step2_trim	Run07_fecal_barcode12	post_trim	2574	2026-03-13
step2_trim	Run07_fecal_barcode11	pre_trim	54915	2026-03-13
step2_trim	Run07_fecal_barcode11	post_trim	1424	2026-03-13
step2_trim	Run07_fecal_barcode17	pre_trim	67695	2026-03-13
step2_trim	Run07_fecal_barcode17	post_trim	2736	2026-03-13
step2_trim	Run07_fecal_barcode20	pre_trim	64610	2026-03-13
step2_trim	Run07_fecal_barcode20	post_trim	6900	2026-03-13
step2_trim	Run07_fecal_barcode16	pre_trim	67436	2026-03-13
step2_trim	Run07_fecal_barcode16	post_trim	1829	2026-03-13
step2_trim	Run07_fecal_barcode09	pre_trim	67226	2026-03-13
step2_trim	Run07_fecal_barcode09	post_trim	2349	2026-03-13
step2_trim	Run07_fecal_barcode21	pre_trim	70018	2026-03-13
step2_trim	Run07_fecal_barcode21	post_trim	2132	2026-03-13
step2_trim	Run07_fecal_barcode23	pre_trim	76431	2026-03-13
step2_trim	Run07_fecal_barcode23	post_trim	4945	2026-03-13
step2_trim	Run07_fecal_barcode24	pre_trim	76829	2026-03-13
step2_trim	Run07_fecal_barcode24	post_trim	2809	2026-03-13
step2_trim	Run07_fecal_barcode22	pre_trim	82318	2026-03-13
step2_trim	Run07_fecal_barcode22	post_trim	2373	2026-03-13
step2_trim	Run06_fecal_barcode04	pre_trim	16761	2026-03-13
step2_trim	Run06_fecal_barcode04	post_trim	961	2026-03-13
step2_trim	Run06_fecal_barcode03	pre_trim	22234	2026-03-13
step2_trim	Run06_fecal_barcode03	post_trim	524	2026-03-13
step2_trim	Run04_swab_barcode13	pre_trim	264145	2026-03-13
step2_trim	Run04_swab_barcode13	post_trim	11286	2026-03-13
step2_trim	Run04_swab_barcode03	pre_trim	310436	2026-03-13
step2_trim	Run04_swab_barcode03	post_trim	7009	2026-03-13
step2_trim	Run03_swab_barcode22	pre_trim	627232	2026-03-13
step2_trim	Run03_swab_barcode22	post_trim	9553	2026-03-13
step2_trim	Run02_soil_barcode06	pre_trim	8098	2026-03-13
step2_trim	Run02_soil_barcode06	post_trim	8098	2026-03-13
step2_trim	Run02_soil_barcode07	pre_trim	7965	2026-03-13
step2_trim	Run02_soil_barcode07	post_trim	7965	2026-03-13
step2_trim	Run02_soil_barcode09	pre_trim	12497	2026-03-13
step2_trim	Run02_soil_barcode09	post_trim	12497	2026-03-13
step2_trim	Run03_swab_barcode03	pre_trim	1533	2026-03-13
step2_trim	Run03_swab_barcode03	post_trim	1533	2026-03-13
step2_trim	Run03_swab_barcode04	pre_trim	3733	2026-03-13
step2_trim	Run03_swab_barcode04	post_trim	3733	2026-03-13
step2_trim	Run02_soil_barcode08	pre_trim	20747	2026-03-13
step2_trim	Run02_soil_barcode08	post_trim	20747	2026-03-13
step2_trim	Run01_soil_barcode03	pre_trim	14232	2026-03-13
step2_trim	Run01_soil_barcode03	post_trim	14232	2026-03-13
step2_trim	Run02_soil_barcode22	pre_trim	2	2026-03-13
step2_trim	Run02_soil_barcode22	post_trim	2	2026-03-13
step2_trim	Run03_swab_barcode05	pre_trim	47	2026-03-13
step2_trim	Run03_swab_barcode05	post_trim	47	2026-03-13
step2_trim	Run03_swab_barcode01	pre_trim	398	2026-03-13
step2_trim	Run03_swab_barcode01	post_trim	398	2026-03-13
step2_trim	Run03_swab_barcode02	pre_trim	181	2026-03-13
step2_trim	Run03_swab_barcode02	post_trim	181	2026-03-13
step2_trim	Run01_soil_barcode02	pre_trim	35059	2026-03-13
step2_trim	Run01_soil_barcode02	post_trim	35059	2026-03-13
step2_trim	Run01_soil_barcode10	pre_trim	12481	2026-03-13
step2_trim	Run01_soil_barcode10	post_trim	12481	2026-03-13
step2_trim	Run01_soil_barcode05	pre_trim	3096	2026-03-13
step2_trim	Run01_soil_barcode05	post_trim	3096	2026-03-13
step2_trim	Run01_soil_barcode08	pre_trim	17569	2026-03-13
step2_trim	Run01_soil_barcode08	post_trim	17569	2026-03-13
step2_trim	Run01_soil_barcode04	pre_trim	39535	2026-03-13
step2_trim	Run01_soil_barcode04	post_trim	39533	2026-03-13
step2_trim	Run02_soil_barcode05	pre_trim	19510	2026-03-13
step2_trim	Run02_soil_barcode05	post_trim	19510	2026-03-13
step2_trim	Run02_soil_barcode02	pre_trim	25611	2026-03-13
step2_trim	Run02_soil_barcode02	post_trim	25611	2026-03-13
step2_trim	Run01_soil_barcode01	pre_trim	25621	2026-03-13
step2_trim	Run01_soil_barcode01	post_trim	25621	2026-03-13
step2_trim	Run01_soil_barcode06	pre_trim	53565	2026-03-13
step2_trim	Run01_soil_barcode06	post_trim	53565	2026-03-13
step2_trim	Run01_soil_barcode20	pre_trim	43748	2026-03-13
step2_trim	Run01_soil_barcode20	post_trim	43748	2026-03-13
step2_trim	Run02_soil_barcode15	pre_trim	15039	2026-03-13
step2_trim	Run02_soil_barcode15	post_trim	15039	2026-03-13
step2_trim	Run01_soil_barcode07	pre_trim	32213	2026-03-13
step2_trim	Run01_soil_barcode07	post_trim	32213	2026-03-13
step2_trim	Run02_soil_barcode03	pre_trim	35948	2026-03-13
step2_trim	Run02_soil_barcode03	post_trim	35948	2026-03-13
step2_trim	Run01_soil_barcode13	pre_trim	14552	2026-03-13
step2_trim	Run01_soil_barcode13	post_trim	14551	2026-03-13
step2_trim	Run02_soil_barcode01	pre_trim	42285	2026-03-13
step2_trim	Run02_soil_barcode01	post_trim	42284	2026-03-13
step2_trim	Run02_soil_barcode14	pre_trim	24481	2026-03-13
step2_trim	Run02_soil_barcode14	post_trim	24481	2026-03-13
step2_trim	Run01_soil_barcode17	pre_trim	15864	2026-03-13
step2_trim	Run01_soil_barcode17	post_trim	15864	2026-03-13
step2_trim	Run02_soil_barcode21	pre_trim	49444	2026-03-13
step2_trim	Run02_soil_barcode21	post_trim	49443	2026-03-13
step2_trim	Run02_soil_barcode04	pre_trim	44686	2026-03-13
step2_trim	Run02_soil_barcode04	post_trim	44686	2026-03-13
step2_trim	Run02_soil_barcode11	pre_trim	24713	2026-03-13
step2_trim	Run02_soil_barcode11	post_trim	24713	2026-03-13
step2_trim	Run01_soil_barcode09	pre_trim	45043	2026-03-13
step2_trim	Run01_soil_barcode09	post_trim	45043	2026-03-13
step2_trim	Run01_soil_barcode19	pre_trim	48363	2026-03-13
step2_trim	Run01_soil_barcode19	post_trim	48363	2026-03-13
step2_trim	Run01_soil_barcode24	pre_trim	50222	2026-03-13
step2_trim	Run01_soil_barcode24	post_trim	50220	2026-03-13
step2_trim	Run01_soil_barcode11	pre_trim	51825	2026-03-13
step2_trim	Run01_soil_barcode11	post_trim	51823	2026-03-13
step2_trim	Run02_soil_barcode20	pre_trim	57895	2026-03-13
step2_trim	Run02_soil_barcode20	post_trim	57893	2026-03-13
step2_trim	Run02_soil_barcode10	pre_trim	39572	2026-03-13
step2_trim	Run02_soil_barcode10	post_trim	39571	2026-03-13
step2_trim	Run02_soil_barcode19	pre_trim	42177	2026-03-13
step2_trim	Run02_soil_barcode19	post_trim	42176	2026-03-13
step2_trim	Run02_soil_barcode12	pre_trim	50143	2026-03-13
step2_trim	Run02_soil_barcode12	post_trim	50143	2026-03-13
step2_trim	Run01_soil_barcode18	pre_trim	43417	2026-03-13
step2_trim	Run01_soil_barcode18	post_trim	43417	2026-03-13
step2_trim	Run01_soil_barcode22	pre_trim	41362	2026-03-13
step2_trim	Run01_soil_barcode22	post_trim	41362	2026-03-13
step2_trim	Run01_soil_barcode21	pre_trim	44101	2026-03-13
step2_trim	Run01_soil_barcode21	post_trim	44099	2026-03-13
step2_trim	Run02_soil_barcode18	pre_trim	52353	2026-03-13
step2_trim	Run02_soil_barcode18	post_trim	52353	2026-03-13
step2_trim	Run02_soil_barcode13	pre_trim	61676	2026-03-13
step2_trim	Run02_soil_barcode13	post_trim	61672	2026-03-13
step2_trim	Run01_soil_barcode14	pre_trim	48043	2026-03-13
step2_trim	Run01_soil_barcode14	post_trim	48043	2026-03-13
step2_trim	Run01_soil_barcode16	pre_trim	49664	2026-03-13
step2_trim	Run01_soil_barcode16	post_trim	49664	2026-03-13
step2_trim	Run01_soil_barcode12	pre_trim	55950	2026-03-13
step2_trim	Run01_soil_barcode12	post_trim	55950	2026-03-13
step2_trim	Run01_soil_barcode15	pre_trim	57599	2026-03-13
step2_trim	Run01_soil_barcode15	post_trim	57599	2026-03-13
step2_trim	Run01_soil_barcode23	pre_trim	62337	2026-03-13
step2_trim	Run01_soil_barcode23	post_trim	62335	2026-03-13
step2_trim	Run02_soil_barcode17	pre_trim	23947	2026-03-13
step2_trim	Run02_soil_barcode17	post_trim	23947	2026-03-13
step2_trim	Run02_soil_barcode16	pre_trim	38292	2026-03-13
step2_trim	Run02_soil_barcode16	post_trim	38292	2026-03-13
step2_trim	Run05_fecal_barcode20	pre_trim	10	2026-03-13
step2_trim	Run05_fecal_barcode20	post_trim	10	2026-03-13
step2_trim	Run03_swab_barcode24	pre_trim	7	2026-03-13
step2_trim	Run03_swab_barcode24	post_trim	7	2026-03-13
step2_trim	Run03_swab_barcode15	pre_trim	94	2026-03-13
step2_trim	Run03_swab_barcode15	post_trim	94	2026-03-13
step2_trim	Run03_swab_barcode14	pre_trim	37	2026-03-13
step2_trim	Run03_swab_barcode14	post_trim	37	2026-03-13
step2_trim	Run03_swab_barcode09	pre_trim	116	2026-03-13
step2_trim	Run03_swab_barcode09	post_trim	116	2026-03-13
step2_trim	Run03_swab_barcode18	pre_trim	1917	2026-03-13
step2_trim	Run03_swab_barcode18	post_trim	1917	2026-03-13
step2_trim	Run03_swab_barcode11	pre_trim	2712	2026-03-13
step2_trim	Run03_swab_barcode11	post_trim	2712	2026-03-13
step2_trim	Run03_swab_barcode17	pre_trim	3084	2026-03-13
step2_trim	Run03_swab_barcode17	post_trim	3084	2026-03-13
step2_trim	Run04_swab_barcode07	pre_trim	758	2026-03-13
step2_trim	Run04_swab_barcode07	post_trim	758	2026-03-13
step2_trim	Run04_swab_barcode10	pre_trim	4907	2026-03-13
step2_trim	Run04_swab_barcode10	post_trim	4907	2026-03-13
step2_trim	Run03_swab_barcode19	pre_trim	3607	2026-03-13
step2_trim	Run03_swab_barcode19	post_trim	3607	2026-03-13
step2_trim	Run06_fecal_barcode01	pre_trim	14698	2026-03-13
step2_trim	Run06_fecal_barcode01	post_trim	14698	2026-03-13
step2_trim	Run04_swab_barcode05	pre_trim	3510	2026-03-13
step2_trim	Run04_swab_barcode05	post_trim	3510	2026-03-13
step2_trim	Run03_swab_barcode10	pre_trim	5626	2026-03-13
step2_trim	Run03_swab_barcode10	post_trim	5626	2026-03-13
step2_trim	Run04_swab_barcode12	pre_trim	9890	2026-03-13
step2_trim	Run04_swab_barcode12	post_trim	9890	2026-03-13
step2_trim	Run03_swab_barcode08	pre_trim	945	2026-03-13
step2_trim	Run03_swab_barcode08	post_trim	945	2026-03-13
step2_trim	Run03_swab_barcode06	pre_trim	1688	2026-03-13
step2_trim	Run03_swab_barcode06	post_trim	1688	2026-03-13
step2_trim	Run04_swab_barcode04	pre_trim	6597	2026-03-13
step2_trim	Run04_swab_barcode04	post_trim	6597	2026-03-13
step2_trim	Run03_swab_barcode07	pre_trim	1881	2026-03-13
step2_trim	Run03_swab_barcode07	post_trim	1881	2026-03-13
step2_trim	Run06_fecal_barcode20	pre_trim	15469	2026-03-13
step2_trim	Run06_fecal_barcode20	post_trim	15469	2026-03-13
step2_trim	Run06_fecal_barcode21	pre_trim	16098	2026-03-13
step2_trim	Run06_fecal_barcode21	post_trim	16097	2026-03-13
step2_trim	Run04_swab_barcode20	pre_trim	4238	2026-03-13
step2_trim	Run04_swab_barcode20	post_trim	4238	2026-03-13
step2_trim	Run03_swab_barcode12	pre_trim	13620	2026-03-13
step2_trim	Run03_swab_barcode12	post_trim	13620	2026-03-13
step2_trim	Run04_swab_barcode09	pre_trim	10552	2026-03-13
step2_trim	Run04_swab_barcode09	post_trim	10552	2026-03-13
step2_trim	Run05_fecal_barcode06	pre_trim	21412	2026-03-13
step2_trim	Run05_fecal_barcode06	post_trim	21411	2026-03-13
step2_trim	Run06_fecal_barcode11	pre_trim	17642	2026-03-13
step2_trim	Run06_fecal_barcode11	post_trim	17642	2026-03-13
step2_trim	Run04_swab_barcode08	pre_trim	12124	2026-03-13
step2_trim	Run04_swab_barcode08	post_trim	12124	2026-03-13
step2_trim	Run06_fecal_barcode10	pre_trim	15387	2026-03-13
step2_trim	Run06_fecal_barcode10	post_trim	15387	2026-03-13
step2_trim	Run04_swab_barcode23	pre_trim	1070	2026-03-13
step2_trim	Run04_swab_barcode23	post_trim	1070	2026-03-13
step2_trim	Run05_fecal_barcode08	pre_trim	25166	2026-03-13
step2_trim	Run05_fecal_barcode08	post_trim	25166	2026-03-13
step2_trim	Run05_fecal_barcode14	pre_trim	17594	2026-03-13
step2_trim	Run05_fecal_barcode14	post_trim	17594	2026-03-13
step2_trim	Run06_fecal_barcode18	pre_trim	19359	2026-03-13
step2_trim	Run06_fecal_barcode18	post_trim	19359	2026-03-13
step2_trim	Run05_fecal_barcode07	pre_trim	24124	2026-03-13
step2_trim	Run05_fecal_barcode07	post_trim	24123	2026-03-13
step2_trim	Run06_fecal_barcode17	pre_trim	19136	2026-03-13
step2_trim	Run06_fecal_barcode17	post_trim	19136	2026-03-13
step2_trim	Run05_fecal_barcode05	pre_trim	22193	2026-03-13
step2_trim	Run05_fecal_barcode05	post_trim	22191	2026-03-13
step2_trim	Run05_fecal_barcode13	pre_trim	19796	2026-03-13
step2_trim	Run05_fecal_barcode13	post_trim	19796	2026-03-13
step2_trim	Run04_swab_barcode02	pre_trim	22420	2026-03-13
step2_trim	Run04_swab_barcode02	post_trim	22420	2026-03-13
step2_trim	Run05_fecal_barcode11	pre_trim	18291	2026-03-13
step2_trim	Run05_fecal_barcode11	post_trim	18291	2026-03-13
step2_trim	Run05_fecal_barcode10	pre_trim	20280	2026-03-13
step2_trim	Run05_fecal_barcode10	post_trim	20279	2026-03-13
step2_trim	Run04_swab_barcode16	pre_trim	10425	2026-03-13
step2_trim	Run04_swab_barcode16	post_trim	10425	2026-03-13
step2_trim	Run06_fecal_barcode05	pre_trim	21241	2026-03-13
step2_trim	Run06_fecal_barcode05	post_trim	21241	2026-03-13
step2_trim	Run03_swab_barcode16	pre_trim	20273	2026-03-13
step2_trim	Run03_swab_barcode16	post_trim	20273	2026-03-13
step2_trim	Run03_swab_barcode21	pre_trim	20066	2026-03-13
step2_trim	Run03_swab_barcode21	post_trim	20066	2026-03-13
step2_trim	Run03_swab_barcode13	pre_trim	22389	2026-03-13
step2_trim	Run03_swab_barcode13	post_trim	22389	2026-03-13
step2_trim	Run04_swab_barcode15	pre_trim	12688	2026-03-13
step2_trim	Run04_swab_barcode15	post_trim	12688	2026-03-13
step2_trim	Run05_fecal_barcode19	pre_trim	32537	2026-03-13
step2_trim	Run05_fecal_barcode19	post_trim	32537	2026-03-13
step2_trim	Run04_swab_barcode19	pre_trim	13554	2026-03-13
step2_trim	Run04_swab_barcode19	post_trim	13554	2026-03-13
step2_trim	Run06_fecal_barcode23	pre_trim	17389	2026-03-13
step2_trim	Run06_fecal_barcode23	post_trim	17389	2026-03-13
step2_trim	Run04_swab_barcode14	pre_trim	12673	2026-03-13
step2_trim	Run04_swab_barcode14	post_trim	12673	2026-03-13
step2_trim	Run05_fecal_barcode17	pre_trim	21943	2026-03-13
step2_trim	Run05_fecal_barcode17	post_trim	21943	2026-03-13
step2_trim	Run06_fecal_barcode07	pre_trim	22622	2026-03-13
step2_trim	Run06_fecal_barcode07	post_trim	22622	2026-03-13
step2_trim	Run06_fecal_barcode22	pre_trim	20363	2026-03-13
step2_trim	Run06_fecal_barcode22	post_trim	20363	2026-03-13
step2_trim	Run03_swab_barcode20	pre_trim	24276	2026-03-13
step2_trim	Run03_swab_barcode20	post_trim	24276	2026-03-13
step2_trim	Run04_swab_barcode06	pre_trim	24275	2026-03-13
step2_trim	Run04_swab_barcode06	post_trim	24275	2026-03-13
step2_trim	Run05_fecal_barcode09	pre_trim	19746	2026-03-13
step2_trim	Run05_fecal_barcode09	post_trim	19746	2026-03-13
step2_trim	Run05_fecal_barcode18	pre_trim	24643	2026-03-13
step2_trim	Run05_fecal_barcode18	post_trim	24643	2026-03-13
step2_trim	Run06_fecal_barcode19	pre_trim	25423	2026-03-13
step2_trim	Run06_fecal_barcode19	post_trim	25422	2026-03-13
step2_trim	Run05_fecal_barcode01	pre_trim	17161	2026-03-13
step2_trim	Run05_fecal_barcode01	post_trim	17161	2026-03-13
step2_trim	Run05_fecal_barcode03	pre_trim	17076	2026-03-13
step2_trim	Run05_fecal_barcode03	post_trim	17075	2026-03-13
step2_trim	Run05_fecal_barcode04	pre_trim	19099	2026-03-13
step2_trim	Run05_fecal_barcode04	post_trim	19098	2026-03-13
step2_trim	Run06_fecal_barcode09	pre_trim	18687	2026-03-13
step2_trim	Run06_fecal_barcode09	post_trim	18686	2026-03-13
step2_trim	Run04_swab_barcode17	pre_trim	26127	2026-03-13
step2_trim	Run04_swab_barcode17	post_trim	26127	2026-03-13
step2_trim	Run06_fecal_barcode08	pre_trim	17932	2026-03-13
step2_trim	Run06_fecal_barcode08	post_trim	17932	2026-03-13
step2_trim	Run05_fecal_barcode02	pre_trim	20211	2026-03-13
step2_trim	Run05_fecal_barcode02	post_trim	20211	2026-03-13
step2_trim	Run04_swab_barcode18	pre_trim	32833	2026-03-13
step2_trim	Run04_swab_barcode18	post_trim	32833	2026-03-13
step2_trim	Run04_swab_barcode22	pre_trim	30102	2026-03-13
step2_trim	Run04_swab_barcode22	post_trim	30102	2026-03-13
step2_trim	Run06_fecal_barcode06	pre_trim	24346	2026-03-13
step2_trim	Run06_fecal_barcode06	post_trim	24346	2026-03-13
step2_trim	Run07_fecal_barcode14	pre_trim	54771	2026-03-13
step2_trim	Run07_fecal_barcode14	post_trim	54770	2026-03-13
step2_trim	Run07_fecal_barcode11	pre_trim	54915	2026-03-13
step2_trim	Run07_fecal_barcode11	post_trim	54915	2026-03-13
step2_trim	Run03_swab_barcode23	pre_trim	75282	2026-03-13
step2_trim	Run03_swab_barcode23	post_trim	75282	2026-03-13
step2_trim	Run07_fecal_barcode12	pre_trim	58934	2026-03-13
step2_trim	Run07_fecal_barcode12	post_trim	58933	2026-03-13
step2_trim	Run07_fecal_barcode13	pre_trim	62204	2026-03-13
step2_trim	Run07_fecal_barcode13	post_trim	62204	2026-03-13
step2_trim	Run07_fecal_barcode10	pre_trim	54130	2026-03-13
step2_trim	Run07_fecal_barcode10	post_trim	54127	2026-03-13
step2_trim	Run05_fecal_barcode12	pre_trim	22465	2026-03-13
step2_trim	Run05_fecal_barcode12	post_trim	22464	2026-03-13
step2_trim	Run04_swab_barcode21	pre_trim	59734	2026-03-13
step2_trim	Run04_swab_barcode21	post_trim	59734	2026-03-13
step2_trim	Run07_fecal_barcode15	pre_trim	60362	2026-03-13
step2_trim	Run07_fecal_barcode15	post_trim	60361	2026-03-13
step2_trim	Run06_fecal_barcode04	pre_trim	16761	2026-03-13
step2_trim	Run06_fecal_barcode04	post_trim	16761	2026-03-13
step2_trim	Run06_fecal_barcode02	pre_trim	17532	2026-03-13
step2_trim	Run06_fecal_barcode02	post_trim	17532	2026-03-13
step2_trim	Run06_fecal_barcode24	pre_trim	26864	2026-03-13
step2_trim	Run06_fecal_barcode24	post_trim	26864	2026-03-13
step2_trim	Run06_fecal_barcode03	pre_trim	22234	2026-03-13
step2_trim	Run06_fecal_barcode03	post_trim	22234	2026-03-13
step2_trim	Run07_fecal_barcode23	pre_trim	76431	2026-03-13
step2_trim	Run07_fecal_barcode23	post_trim	76431	2026-03-13
step2_trim	Run07_fecal_barcode16	pre_trim	67436	2026-03-13
step2_trim	Run07_fecal_barcode16	post_trim	67435	2026-03-13
step2_trim	Run07_fecal_barcode19	pre_trim	63397	2026-03-13
step2_trim	Run07_fecal_barcode19	post_trim	63397	2026-03-13
step2_trim	Run07_fecal_barcode18	pre_trim	52014	2026-03-13
step2_trim	Run07_fecal_barcode18	post_trim	52014	2026-03-13
step2_trim	Run07_fecal_barcode20	pre_trim	64610	2026-03-13
step2_trim	Run07_fecal_barcode20	post_trim	64609	2026-03-13
step2_trim	Run07_fecal_barcode21	pre_trim	70018	2026-03-13
step2_trim	Run07_fecal_barcode21	post_trim	70018	2026-03-13
step2_trim	Run07_fecal_barcode17	pre_trim	67695	2026-03-13
step2_trim	Run07_fecal_barcode17	post_trim	67693	2026-03-13
step2_trim	Run07_fecal_barcode22	pre_trim	82318	2026-03-13
step2_trim	Run07_fecal_barcode22	post_trim	82317	2026-03-13
step2_trim	Run07_fecal_barcode24	pre_trim	76829	2026-03-13
step2_trim	Run07_fecal_barcode24	post_trim	76826	2026-03-13
step2_trim	Run04_swab_barcode01	pre_trim	132281	2026-03-13
step2_trim	Run04_swab_barcode01	post_trim	132277	2026-03-13
step2_trim	Run07_fecal_barcode09	pre_trim	67226	2026-03-13
step2_trim	Run07_fecal_barcode09	post_trim	67225	2026-03-13
step2_trim	Run04_swab_barcode11	pre_trim	149359	2026-03-13
step2_trim	Run04_swab_barcode11	post_trim	149359	2026-03-13
step2_trim	Run05_fecal_barcode15	pre_trim	29165	2026-03-13
step2_trim	Run05_fecal_barcode15	post_trim	29163	2026-03-13
step2_trim	Run05_fecal_barcode16	pre_trim	31451	2026-03-13
step2_trim	Run05_fecal_barcode16	post_trim	31451	2026-03-13
step2_trim	Run04_swab_barcode03	pre_trim	310436	2026-03-13
step2_trim	Run04_swab_barcode03	post_trim	310434	2026-03-13
step2_trim	Run04_swab_barcode13	pre_trim	264145	2026-03-13
step2_trim	Run04_swab_barcode13	post_trim	264145	2026-03-13
step2_trim	Run03_swab_barcode22	pre_trim	627232	2026-03-13
step2_trim	Run03_swab_barcode22	post_trim	627232	2026-03-13
